clientid,income,age,loan,LTI,default10yr
1,66155.93,59.02,8106.53,0.123,0
2,34415.15,48.12,6564.75,0.191,0
3,57317.17,63.11,8020.95,0.14,0
4,42709.53,45.75,6103.64,0.143,0
5,66952.69,18.58,8770.1,0.131,1
6,24904.06,57.47,15.5,0.001,0
7,48430.36,26.81,5722.58,0.118,0
8,24500.14,32.9,2971,0.121,1
9,40654.89,55.5,4755.83,0.117,0
10,25075.87,39.78,1409.23,0.056,0
11,64131.42,25.68,4351.03,0.068,0
12,59436.85,60.47,9254.24,0.156,0
13,61050.35,26.36,5893.26,0.097,0
14,27268,61.58,4759.79,0.175,0
15,63061.96,39.2,1850.37,0.029,0
16,50501.73,28.22,3977.29,0.079,0
17,43548.65,39.57,3935.54,0.09,0
18,43378.18,60.85,3277.74,0.076,0
19,20542.37,61.69,3157.44,0.154,0
20,58887.36,26.08,4965.52,0.084,0
21,23000.78,31.76,1148.12,0.05,0
22,32197.62,52.42,4244.06,0.132,0
23,23329.32,48.58,222.62,0.01,0
24,27845.8,51.97,4959.92,0.178,0
25,65301.98,48.84,5465.27,0.084,0
26,47451.63,27.03,5361.28,0.113,0
27,63287.04,36.5,9595.29,0.152,0
28,45727.46,55.84,6376.82,0.139,0
29,59417.81,30.86,2082.63,0.035,0
30,58842.89,54.51,10871.19,0.185,0
31,48528.85,43.78,6155.78,0.127,0
32,23526.3,52.67,2862.01,0.122,0
33,67252.9,38.13,4221.3,0.063,0
34,58886.85,38.66,7271.55,0.123,0
35,57584.97,36.67,1728.42,0.03,0
36,26289.97,20.67,341.15,0.013,0
37,25952.38,58.19,2109.2,0.081,0
38,32464.09,50.23,4326.71,0.133,0
39,60921.06,18.84,968.84,0.016,0
40,26578.54,32.68,3489.84,0.131,1
41,66260.12,32.9,7035.59,0.106,0
42,58787.46,62.64,4167.79,0.071,0
43,62545.71,49.04,4362.91,0.07,0
44,24381.95,25.25,4227.02,0.173,1
45,67852.11,47.32,5730.59,0.084,0
46,41725.61,18.13,1185.21,0.028,0
47,41896.97,47.25,4892.21,0.117,0
48,44379.73,50.09,1814.34,0.041,0
49,28416.9,57.93,1788.97,0.063,0
50,68427.16,46.31,1658.07,0.024,0
51,35975.79,35.71,6610.37,0.184,0
52,57596.35,29.25,3344.38,0.058,0
53,29681.88,54.96,1745.87,0.059,0
54,51656.94,47.72,7158.14,0.139,0
55,24912.84,49.37,267.7,0.011,0
56,47761.82,50.1,5549.8,0.116,0
57,22248.18,23.44,4364.98,0.196,1
58,29724.48,31.97,3075.35,0.103,0
59,52143.82,20.84,2393.1,0.046,0
60,56577.72,36.85,5947.42,0.105,0
61,37660.77,53.75,2129.6,0.057,0
62,37403.8,47.94,2044.05,0.055,0
63,31652.69,62.02,5151.07,0.163,0
64,32727.7,34.47,1087.92,0.033,0
65,69078.6,25.11,4076.58,0.059,0
66,40622.19,41.53,4949.9,0.122,0
67,37521.02,60.54,8.01,0,0
68,30735.81,22.24,5946.82,0.193,1
69,24857.69,21.6,2692.16,0.108,0
70,33180.2,49.57,4622,0.139,0
71,66628.26,52.38,5992.89,0.09,0
72,38564.93,21.22,5604.17,0.145,1
73,33704.51,33.18,5898,0.175,1
74,57018.48,44.83,3507.25,0.062,0
75,40526.9,28.61,2119.98,0.052,0
76,50827.98,51.01,1765.98,0.035,0
77,40775.81,60.29,1922.61,0.047,0
78,55467.15,56.85,9226.9,0.166,0
79,38789.03,61.23,7650.66,0.197,0
80,58074.84,50.07,7388.02,0.127,0
81,57814.11,43.83,7252.12,0.125,0
82,45190.73,53.84,7893.56,0.175,0
83,36801.91,43.03,5406.34,0.147,0
84,68811.78,24.04,4211.3,0.061,0
85,30483.3,33.66,4514.01,0.148,1
86,44930.39,19.78,7708.32,0.172,1
87,43671.46,25.59,8066.7,0.185,1
88,27612.91,19.21,1513.62,0.055,0
89,53607.33,27.56,2378.77,0.044,0
90,33036.68,25.06,958.98,0.029,0
91,64275.83,61.44,7520.03,0.117,0
92,30673.84,59.33,383.11,0.012,0
93,58793.61,56.49,4391.98,0.075,0
94,21053.49,63.38,754.6,0.036,0
95,42095.42,55.37,1183.7,0.028,0
96,50360.68,28.84,4217.17,0.084,0
97,41970.72,63.17,1622.32,0.039,0
98,51663.41,63.74,4147.89,0.08,0
99,53601.81,20.24,9601.38,0.179,1
100,43439.99,24.18,6879.31,0.158,1
101,51461.05,36.65,7292.26,0.142,0
102,41285.17,47.98,2313.83,0.056,0
103,62895.75,49.92,2001.28,0.032,0
104,57296.16,25.71,10601.08,0.185,1
105,60844.09,45.66,12072.26,0.198,0
106,47634.55,44.29,141.7,0.003,0
107,23998.32,29.91,3928.3,0.164,1
108,63391.62,34.74,190.89,0.003,0
109,21534.55,44.32,228.34,0.011,0
110,28255.65,35.51,2109.24,0.075,0
111,36496.13,19.52,165.51,0.005,0
112,41631.67,53.05,106.09,0.003,0
113,68762.42,20.99,2796.75,0.041,0
114,30075.26,29.24,2628.58,0.087,0
115,41302.67,38.66,1379.91,0.033,0
116,39703.76,47.47,2403.48,0.061,0
117,63161.09,59.68,804.09,0.013,0
118,63062.14,26.59,56.17,0.001,0
119,34507.53,38.59,1793.75,0.052,0
120,27954.71,29.9,1627.04,0.058,0
121,37369.38,35.34,3783.6,0.101,0
122,43912.06,23.82,7757.14,0.177,1
123,22766.77,29.33,1429.4,0.063,0
124,21603.31,21.38,178.33,0.008,0
125,61952.91,18.48,3635.6,0.059,0
126,36116.37,22.54,1494.98,0.041,0
127,26157.78,22.83,2295.81,0.088,0
128,26458.38,59.52,552.4,0.021,0
129,69156.3,53.41,7364.74,0.106,0
130,39441.44,46.75,1034.76,0.026,0
131,60119.07,45.08,1810.96,0.03,0
132,55613.49,24.38,4255.25,0.077,0
133,37049.39,29.42,6056.82,0.163,1
134,23122.06,53.31,4263.49,0.184,0
135,48790.13,32.48,5519.1,0.113,0
136,59132.69,48.34,4575.53,0.077,0
137,55305.57,53.58,8176.71,0.148,0
138,26037.46,24.78,3293.25,0.126,1
139,64899.81,38.12,4654.25,0.072,0
140,27089.12,21.21,5029.49,0.186,1
141,45341.47,22.57,6525.22,0.144,1
142,24865.8,37.31,4439.12,0.179,0
143,28239.54,26.19,4189.83,0.148,1
144,52730.08,50.24,5706.33,0.108,0
145,28982.06,39.05,2898.76,0.1,0
146,36221.27,26.1,5094.67,0.141,1
147,33551.12,58.86,4333.36,0.129,0
148,43891.36,49.15,5792.91,0.132,0
149,45148.89,60.53,6455.39,0.143,0
150,58481.01,40.83,5380.56,0.092,0
151,69579.93,57.76,10868.24,0.156,0
152,52743.31,44.05,2684.7,0.051,0
153,65635.66,51.17,12701.6,0.194,0
154,34559.91,29.11,3317.53,0.096,0
155,60218.53,32.47,3157.96,0.052,0
156,51689.55,46.15,9881.98,0.191,0
157,47541.61,55.23,1611.22,0.034,0
158,62905.79,27.91,11423.94,0.182,1
159,65632.6,47.11,12498.04,0.19,0
160,31847.85,41.42,2913.77,0.091,0
161,27947.44,58.35,5514.12,0.197,0
162,62246.73,31.08,406.72,0.007,0
163,40154.69,60.53,6013.15,0.15,0
164,58627.55,33.12,1215.65,0.021,0
165,33441.05,27.87,5282.73,0.158,1
166,55603.79,43.84,1411.13,0.025,0
167,31046.38,29.3,4907.67,0.158,1
168,44708.1,21.11,2390.85,0.053,0
169,23340.27,42.83,2707.76,0.116,0
170,24830.18,28.97,2046.69,0.082,0
171,31422.75,53.9,1686.84,0.054,0
172,60477.23,60.4,10711.7,0.177,0
173,26039.02,49.39,2056.75,0.079,0
174,36186.85,50.51,1130.74,0.031,0
175,39772.12,43.73,5492.89,0.138,0
176,34730.16,63.38,818.51,0.024,0
177,23118.48,57.58,1746.94,0.076,0
178,50072.85,33.02,8088.57,0.162,1
179,67465.06,23.61,1802.62,0.027,0
180,38625.63,19.63,5836.56,0.151,1
181,45227.48,26.72,5521.51,0.122,1
182,64901.9,44.94,9589.83,0.148,0
183,40543.91,51.46,6507.85,0.161,0
184,27793.27,60.52,382.25,0.014,0
185,61167.77,20.58,10396.62,0.17,1
186,64619.66,26.04,9704.78,0.15,1
187,37593.76,54.01,7274.33,0.193,0
188,35032.65,56.72,135.93,0.004,0
189,58364.46,55.6,5809.9,0.1,0
190,56945.81,45.55,6388.37,0.112,0
191,27204.85,29.07,3827.89,0.141,1
192,21648.26,52.59,3558.53,0.164,0
193,31077.86,44.22,4452.33,0.143,0
194,42522.92,53.87,6790.85,0.16,0
195,31769.25,44.77,1148.22,0.036,0
196,35556.78,23.78,6361.97,0.179,1
197,52908.82,53.7,9841.08,0.186,0
198,35045.13,28.65,2382.47,0.068,0
199,44488.16,33.43,2751.09,0.062,0
200,41679.94,53.67,395,0.009,0
201,54619.95,52.42,10780.27,0.197,0
202,38053.62,26.21,6110.57,0.161,1
203,64718.66,37.28,1485.08,0.023,0
204,43159.08,62.44,4350.02,0.101,0
205,29445.51,28.45,1758.88,0.06,0
206,25817.39,37.95,4115.48,0.159,0
207,66356.86,61.52,10725.48,0.162,0
208,56676.16,46.68,2278.55,0.04,0
209,61000.04,48.62,2160.78,0.035,0
210,58906.25,42.05,9290.58,0.158,0
211,49589.15,42.78,2627.41,0.053,0
212,40141.6,56.15,845.37,0.021,0
213,31659.73,31.93,858.51,0.027,0
214,62658.22,25.46,3343.37,0.053,0
215,39264.48,37.03,5255.79,0.134,0
216,46643.13,53.41,6440.86,0.138,0
217,30515.37,20.16,415.24,0.014,0
218,65077.32,50.98,11061.81,0.17,0
219,60871.87,61.26,4844.17,0.08,0
220,25011.1,36.22,3834.04,0.153,0
221,68407.19,60.94,597.94,0.009,0
222,43727.44,55.19,1170.56,0.027,0
223,45788.75,41.26,5894.04,0.129,0
224,65705.01,50.93,1969.79,0.03,0
225,32434.7,41.35,2738.44,0.084,0
226,58121.67,27.3,7531.1,0.13,1
227,62498.51,31.91,3312.88,0.053,0
228,26090.73,48.08,4255.63,0.163,0
229,64780.94,20.23,8402.42,0.13,1
230,65588.4,22.92,7879.74,0.12,1
231,65743.7,52.3,7724.57,0.117,0
232,37164.52,47.3,1445.8,0.039,0
233,65176.53,48.96,2365.29,0.036,0
234,34615.54,25.51,6476.76,0.187,1
235,59079.47,58.64,10326.09,0.175,0
236,56267.17,22.49,7329.24,0.13,1
237,34862.82,54.96,6040.77,0.173,0
238,60521.36,45.42,8035.88,0.133,0
239,42276.78,57.93,8055.31,0.191,0
240,38451.18,63.42,3441.26,0.089,0
241,45985.11,53.53,7382.06,0.161,0
242,51000.42,27.8,778.73,0.015,0
243,31523.11,40.45,5174.57,0.164,0
244,28648.68,18.4,1870.93,0.065,0
245,27514.43,21.9,3400.91,0.124,1
246,27441,37.4,1455.05,0.053,0
247,67709.24,50.41,5136.82,0.076,0
248,38600.71,44.72,2749.08,0.071,0
249,30950.3,26.31,5043.15,0.163,1
250,27083.82,60.67,3286.21,0.121,0
251,21512.75,24.78,2453.38,0.114,0
252,34796,58.49,443.67,0.013,0
253,27089.39,51.29,1851.31,0.068,0
254,25259.4,39.74,4341.01,0.172,0
255,47007.31,45.02,4069.4,0.087,0
256,20358.67,53.62,1064.69,0.052,0
257,67900.23,43.51,7902.74,0.116,0
258,54418.47,55.22,5630.74,0.103,0
259,51288.55,29.92,6536.97,0.127,1
260,28199.6,36.67,3871.69,0.137,0
261,22199.62,60.1,1498.39,0.067,0
262,50514.47,57.38,2003.65,0.04,0
263,34414.24,54.53,617.54,0.018,0
264,37633.09,29.42,868.16,0.023,0
265,55235.5,47.01,4910.55,0.089,0
266,45587.55,62.02,8366.61,0.184,0
267,52757.79,53.08,2321.21,0.044,0
268,41174.81,52.34,2888.44,0.07,0
269,25685.54,39.01,490.74,0.019,0
270,28145.3,55.55,4805.97,0.171,0
271,52094.22,40.84,495.02,0.01,0
272,33552.39,25.16,6054.24,0.18,1
273,37400.93,50.11,1693.14,0.045,0
274,21605.73,23.24,2828.31,0.131,1
275,57562.89,56.6,8508.84,0.148,0
276,62288.54,25.6,10657.11,0.171,1
277,22767.26,45.12,1205.79,0.053,0
278,20943.04,19.82,4098.12,0.196,1
279,20622.86,30.41,3518.45,0.171,1
280,48436.66,49.03,5851.41,0.121,0
281,27574.63,57.64,1017.4,0.037,0
282,62889.36,33.25,6525.15,0.104,0
283,37683.2,55.59,7414.55,0.197,0
284,54974.46,61.98,8922.2,0.162,0
285,56326.09,40.41,4816.78,0.086,0
286,65670.88,50,3950.87,0.06,0
287,50730.73,41.97,1879.06,0.037,0
288,64184.92,46.45,1854.24,0.029,0
289,66179.32,48.12,3646.94,0.055,0
290,24969.53,45.12,3595.5,0.144,0
291,54925.52,40.81,554.49,0.01,0
292,67879.25,43.6,10433.47,0.154,0
293,67787.53,53.36,9607.5,0.142,0
294,31657.62,37.78,1448.07,0.046,0
295,36559.14,19.72,3030.27,0.083,0
296,57787.57,22.64,6339.85,0.11,0
297,42521.73,47.7,2661.61,0.063,0
298,51935.18,21.5,5649.45,0.109,0
299,45677.88,51.69,2966.25,0.065,0
300,51363.6,21.02,761.42,0.015,0
301,27218.56,55.17,4145,0.152,0
302,43677.63,32.55,6739.86,0.154,1
303,21533.6,57.9,1971.55,0.092,0
304,28010.19,55.37,3971.16,0.142,0
305,51589.28,50.31,56.99,0.001,0
306,50480.95,27.08,8831.18,0.175,1
307,43957.35,21.14,5416.36,0.123,1
308,61878.35,33.01,567.67,0.009,0
309,60153.34,20.3,6472.35,0.108,0
310,33388.58,62,4551.88,0.136,0
311,41310.4,53.58,4481.16,0.108,0
312,25576.95,51.93,1922.66,0.075,0
313,51455.1,37.29,9447.12,0.184,0
314,48134.16,47.97,2075.6,0.043,0
315,51348.53,52.44,1507.89,0.029,0
316,20532.82,54.62,1897.78,0.092,0
317,33297.21,46.58,3674.74,0.11,0
318,55858.55,25.87,5630.44,0.101,0
319,43777.52,20.01,3601.3,0.082,0
320,27789.52,58.52,186.83,0.007,0
321,36132.42,34.29,99.45,0.003,0
322,20145.99,21.28,839.84,0.042,0
323,63108.71,43.19,5757.85,0.091,0
324,26581.61,61.95,5090.39,0.192,0
325,62040.89,62.05,7643.63,0.123,0
326,69958.71,30.54,8755.69,0.125,1
327,38082.52,45.52,4213.47,0.111,0
328,45183.05,33.9,5953.45,0.132,1
329,36242.45,39.42,5688.99,0.157,0
330,44527.26,42.09,4588.47,0.103,0
331,40496.26,20.11,4834.6,0.119,0
332,24698.67,48.91,2427.65,0.098,0
333,60560.31,49.75,1994.62,0.033,0
334,48018.21,50.2,6120.09,0.127,0
335,30216.25,26.56,2116.54,0.07,0
336,61742.24,44.87,8068.32,0.131,0
337,47288.43,62.43,4004.99,0.085,0
338,24658.9,59.44,590.6,0.024,0
339,64644.35,58.84,9848.17,0.152,0
340,57517.72,52.49,4536.86,0.079,0
341,52945.55,54.63,6262.01,0.118,0
342,36366.99,47.19,371.04,0.01,0
343,62113.73,27.88,11928.51,0.192,1
344,62279.52,26.67,6801.41,0.109,0
345,61799.08,56.96,5619.22,0.091,0
346,50139.74,30.27,7758.8,0.155,1
347,69566.68,52.97,9875.04,0.142,0
348,44897.49,51.36,5732.4,0.128,0
349,22572.3,51.02,724.19,0.032,0
350,37123.08,19.95,5659.51,0.152,1
351,68744.79,60.73,5207.88,0.076,0
352,21081.19,52.38,2395.17,0.114,0
353,58828.29,32.4,5947.65,0.101,0
354,46706.46,18.83,7084.26,0.152,1
355,32312.85,28.16,228.33,0.007,0
356,60778.77,43.01,10021.05,0.165,0
357,30948.04,42.75,3995.81,0.129,0
358,60122.01,62.91,7189.35,0.12,0
359,43321.68,32.29,743.87,0.017,0
360,47904.34,40.04,6183.51,0.129,0
361,58597.38,53.29,2588.49,0.044,0
362,66091.91,24.2,8743.51,0.132,1
363,47316.7,27.06,1940.67,0.041,0
364,40872.64,54.95,5312.49,0.13,0
365,35154.49,52.9,4037.72,0.115,0
366,32222.82,61.81,934.48,0.029,0
367,40447.67,22.49,1072.19,0.027,0
368,48463.2,50.53,8120.26,0.168,0
369,42843.1,28.63,839.87,0.02,0
370,50310.42,53.04,8361.72,0.166,0
371,57565.2,37.74,5353.56,0.093,0
372,55066.18,55.74,9332.7,0.169,0
373,46065.95,52.84,4947.31,0.107,0
374,38309.59,55.43,3545.72,0.093,0
375,54472.14,59.25,10836.38,0.199,0
376,58695.09,29.77,1826.52,0.031,0
377,54748.91,31.6,5438.09,0.099,0
378,46328.17,56.84,7879.68,0.17,0
379,49633.33,38.99,7915.31,0.159,0
380,66339.78,35.59,2350.89,0.035,0
381,62650.72,33.48,6425.37,0.103,0
382,27646.78,56.31,3132.15,0.113,0
383,21437.62,45.73,2563.96,0.12,0
384,50648.2,56.52,7110.76,0.14,0
385,29670.67,53.55,2928.98,0.099,0
386,20258.54,29.12,2767.84,0.137,1
387,34475.22,42.31,3162.13,0.092,0
388,28926.43,62.07,750.07,0.026,0
389,20660.67,49.36,1756.04,0.085,0
390,24987.93,49.07,3946.9,0.158,0
391,29672.56,51.02,607.91,0.02,0
392,23241.6,40.85,457.2,0.02,0
393,24217.23,23.51,2104.38,0.087,0
394,65574.09,23.51,3031.25,0.046,0
395,55994.46,31.14,680.62,0.012,0
396,67369.33,57.63,2299.42,0.034,0
397,23305.77,28.22,4521,0.194,1
398,35195.47,49.66,2836.99,0.081,0
399,27135.07,54.84,1387.25,0.051,0
400,24037.17,23.31,2469.36,0.103,0
401,51625.31,44.81,4592.25,0.089,0
402,50705.77,53.21,1096.97,0.022,0
403,58079.16,18.66,11540.05,0.199,1
404,62192.47,46.05,1863.89,0.03,0
405,62553.67,63.92,4641.7,0.074,0
406,68147.96,22.98,12307.56,0.181,1
407,27619.66,47.54,2774.83,0.1,0
408,65330.19,28.59,4030.8,0.062,0
409,26680.15,47.76,1671.18,0.063,0
410,46104.6,51.06,2342.47,0.051,0
411,44904.6,44.21,4953.77,0.11,0
412,52934.59,50.4,3248.63,0.061,0
413,43509.76,18.08,7363.04,0.169,1
414,22118.36,63.02,3928.12,0.178,0
415,56275.41,30.25,2224.88,0.04,0
416,48630.98,27.02,5862.83,0.121,1
417,64272.7,37.78,4929.88,0.077,0
418,24349,53.75,3890.47,0.16,0
419,34332.32,36.5,1225.72,0.036,0
420,64940.24,43.94,8196.93,0.126,0
421,30595.75,40.91,3495.07,0.114,0
422,53422.22,28.19,7441.76,0.139,1
423,69995.69,52.72,2084.37,0.03,0
424,48270.8,45.31,6232.28,0.129,0
425,27028.16,48.11,331.36,0.012,0
426,23519.87,34.39,2368.38,0.101,0
427,37302.08,35.02,2366.17,0.063,0
428,55601.27,18.84,10533.46,0.189,1
429,62678.65,25.84,333.44,0.005,0
430,41602.43,25.26,7005.08,0.168,1
431,27533,46.77,1551.42,0.056,0
432,30594.18,50.04,118.34,0.004,0
433,47846.95,24.42,3713.26,0.078,0
434,55273.28,25.42,10283,0.186,1
435,23086.26,24.85,1256.4,0.054,0
436,29621.27,32.46,5575.25,0.188,1
437,47533.92,39.96,6637.77,0.14,0
438,62519.18,44.41,2324.55,0.037,0
439,50878.96,44.97,3257.01,0.064,0
440,58580.96,56.63,4317.72,0.074,0
441,69445.65,28.82,10643.4,0.153,1
442,60929.17,60.06,11146.07,0.183,0
443,35496.67,47,168.05,0.005,0
444,33572.42,57.44,3369.38,0.1,0
445,55306.91,20.14,5272.54,0.095,0
446,34141.93,47.15,3371.66,0.099,0
447,40453.89,20.71,890.94,0.022,0
448,69088.78,53.94,11246.49,0.163,0
449,30885.69,55.15,5216.35,0.169,0
450,58683.23,24.84,271.73,0.005,0
451,60675.81,39.96,11617.75,0.191,0
452,68460.68,35.78,949.96,0.014,0
453,63653.84,27.52,8866.53,0.139,1
454,42522.58,18.33,5036.26,0.118,0
455,54140.43,30.89,7896.22,0.146,1
456,47548.36,47.84,6153.94,0.129,0
457,24114.01,52.34,3900.83,0.162,0
458,20686.24,33.28,3052.58,0.148,1
459,21412.31,26.38,2639.71,0.123,1
460,69391.15,63.8,2550.27,0.037,0
461,32319.26,42.93,2733.42,0.085,0
462,52862.95,47.33,9754.15,0.185,0
463,48383.28,39.7,2763.26,0.057,0
464,36430.54,38.23,5855.19,0.161,0
465,44268.89,27.93,6043.14,0.137,1
466,63806.33,56.63,114.5,0.002,0
467,46195.78,32.41,927.07,0.02,0
468,23743.16,42.73,3254.75,0.137,0
469,22089.84,21.3,2584.02,0.117,0
470,54707.29,44.24,10255.19,0.187,0
471,23203.65,58.57,749.15,0.032,0
472,25342.25,40.36,871.53,0.034,0
473,31645.63,32.16,5193.84,0.164,1
474,32306.81,21.91,3603.36,0.112,0
475,61262.82,49.41,5564.16,0.091,0
476,26388.73,19.37,1191.33,0.045,0
477,53009.43,36.07,3589.25,0.068,0
478,58163.54,58.75,2237.93,0.038,0
479,38665.03,55.13,6152,0.159,0
480,25289.05,53.34,3701.54,0.146,0
481,66049.93,29.32,13172.68,0.199,1
482,56282.98,62.37,8215.56,0.146,0
483,35778.62,30.63,5544.65,0.155,1
484,29174.24,18.53,665.58,0.023,0
485,55934.43,60.76,5643.18,0.101,0
486,32256.86,20.1,2809.32,0.087,0
487,68052.81,28.76,1415.72,0.021,0
488,26957.05,55.26,4172.99,0.155,0
489,48685.04,32.53,9698.58,0.199,1
490,38288.07,28.74,1723.4,0.045,0
491,42468.02,28.63,1902.27,0.045,0
492,55377.77,46.92,6882.87,0.124,0
493,54231.7,21.27,10156.14,0.187,1
494,53283.26,49,4065.22,0.076,0
495,52534.79,47.18,3810.13,0.073,0
496,47847.52,26.65,8494.02,0.178,1
497,59998.25,54.31,4659.54,0.078,0
498,58684.51,31.73,5415.82,0.092,0
499,49114.79,61.48,6388.85,0.13,0
500,57179.4,21.37,2991.97,0.052,0
501,69395.12,23.95,11047.68,0.159,1
502,43963.74,41.55,4481.44,0.102,0
503,66326.47,40.98,5602.16,0.084,0
504,35886.73,34.67,843.75,0.024,0
505,35578.23,42.39,3640.85,0.102,0
506,48689,36.56,3859.47,0.079,0
507,56510.84,47.31,9255.44,0.164,0
508,50275.9,41.82,5541.82,0.11,0
509,56665.49,61.65,11159.79,0.197,0
510,42912.09,60.58,4550.12,0.106,0
511,22169.73,36.97,947.2,0.043,0
512,35919.81,27.3,1227.11,0.034,0
513,61987.69,27.63,2618.24,0.042,0
514,30044.68,49.77,1428.44,0.048,0
515,61528.27,55.9,10897.91,0.177,0
516,31196.49,47.18,987.26,0.032,0
517,66003.96,33.07,11207.5,0.17,1
518,56960.67,25.52,4856.48,0.085,0
519,41315.11,57.52,1378.91,0.033,0
520,64913.34,26.77,9781.33,0.151,1
521,32804.9,62.29,4961.26,0.151,0
522,25789.21,26.49,2410.28,0.093,0
523,31908.35,38.25,1857.46,0.058,0
524,56050.3,23.97,6870.84,0.123,1
525,66505.78,25.62,6571.2,0.099,0
526,57504.07,55.72,8107.27,0.141,0
527,44619.11,59.85,2474.98,0.055,0
528,21158.94,54.3,3562.31,0.168,0
529,22765.19,20.59,540.62,0.024,0
530,25052.82,45.57,3367.7,0.134,0
531,61006.11,54.18,5850.77,0.096,0
532,62321.24,45.89,10649.07,0.171,0
533,49604.54,51.94,7045.92,0.142,0
534,48433.37,28.53,789.63,0.016,0
535,57590.28,19.5,7676.31,0.133,1
536,62691.7,25.06,8244.75,0.132,1
537,51121.66,58.53,6471.63,0.127,0
538,22516.54,55.52,4267.45,0.19,0
539,60857.24,37.39,10486.74,0.172,0
540,62908.36,51.15,3213.9,0.051,0
541,49665.63,50.32,2713.89,0.055,0
542,65322.8,41.45,2739.72,0.042,0
543,20598.93,35.77,3872.4,0.188,0
544,55476.66,52.09,4733.51,0.085,0
545,26218.49,18.42,3343.82,0.128,1
546,40794.87,38.04,6519.44,0.16,0
547,53719.65,42.89,1670.74,0.031,0
548,20715.54,27.53,369.53,0.018,0
549,57163.85,53.54,577.53,0.01,0
550,33751.21,25.3,6494.18,0.192,1
551,44832.56,32.18,1256.25,0.028,0
552,51035.63,58.99,2889.88,0.057,0
553,53493.49,21.87,5030.83,0.094,0
554,58205.68,56.84,10035.6,0.172,0
555,47439.94,22.35,7896.36,0.166,1
556,47586.23,42.28,3343.06,0.07,0
557,26100.85,62.32,960.14,0.037,0
558,45326.4,59.36,5142.11,0.113,0
559,24391.76,47.04,2198.14,0.09,0
560,53741.37,49.73,6513.15,0.121,0
561,40053.72,27.94,44.53,0.001,0
562,53033.86,38.46,10427.47,0.197,0
563,25176.5,53.54,3064.72,0.122,0
564,31210.85,54.1,3853.09,0.123,0
565,23532.28,59.63,1077.84,0.046,0
566,63776.77,43.81,6697.97,0.105,0
567,52278.77,45.93,4269.14,0.082,0
568,56015.81,32.51,2275.76,0.041,0
569,56110.94,62.83,9351.01,0.167,0
570,57856.81,33.68,8824.16,0.153,1
571,30187.09,28.16,4462.82,0.148,1
572,30786.87,47.07,3563.32,0.116,0
573,22279.3,58.91,3141.34,0.141,0
574,42476.27,46.44,8334.18,0.196,0
575,58147.8,34.06,3951.19,0.068,0
576,36266.21,55.54,3206.93,0.088,0
577,39045.5,27.43,1165.49,0.03,0
578,64467.8,63.4,521.58,0.008,0
579,36594.81,60.91,3492.33,0.095,0
580,58797.76,53.4,8892.96,0.151,0
581,66653.27,19.89,5180.71,0.078,0
582,48271.5,21.66,6077.68,0.126,1
583,30991.43,34.01,4589.27,0.148,1
584,45446.52,19.3,8474.98,0.186,1
585,37142.74,50.3,161.24,0.004,0
586,58320.81,20.26,10033.49,0.172,1
587,24825.54,54.82,3650.2,0.147,0
588,20511.43,27.2,931.79,0.045,0
589,48326.32,35.65,7168.71,0.148,0
590,55441.36,48.06,10768.75,0.194,0
591,60496.91,33.95,1115.15,0.018,0
592,25296.15,44.36,1320.46,0.052,0
593,50414.32,56.19,2468.17,0.049,0
594,67984.04,27.47,1642.97,0.024,0
595,50382.4,57.1,9183.84,0.182,0
596,49413.3,18.65,2554.04,0.052,0
597,61464.82,36.41,5099.09,0.083,0
598,53784.05,24.39,2761.85,0.051,0
599,35993.29,41.88,901.93,0.025,0
600,63402,47.22,7530.77,0.119,0
601,40484.97,39.28,1093.68,0.027,0
602,26168.01,41.94,3040.98,0.116,0
603,60044.28,61.31,6823.43,0.114,0
604,23984.55,51.14,4622.28,0.193,0
605,40359.7,32.25,1783.7,0.044,0
606,33583.89,62.13,1251.87,0.037,0
607,68038.79,62.95,10108.8,0.149,0
608,45652.06,53.67,5408.21,0.118,0
609,34399.21,31.76,6019.83,0.175,1
610,57628.44,23.99,5021.64,0.087,0
611,24294.68,22.26,4360.05,0.179,1
612,52218.88,37.54,9792.09,0.188,0
613,50061.77,55.36,6145.13,0.123,0
614,49352.27,57.54,3362.77,0.068,0
615,21087.36,49.31,3353.69,0.159,0
616,23812.25,42.77,2716.66,0.114,0
617,49395.17,41.08,5927.57,0.12,0
618,33338.94,46.6,2929.85,0.088,0
619,29668.32,38.68,2042.44,0.069,0
620,45936.6,41.99,8525.23,0.186,0
621,55948.07,40.3,8569.22,0.153,0
622,53239.5,63.52,4606.16,0.087,0
623,43694.03,49.52,5049.64,0.116,0
624,24078.07,38.49,3276.14,0.136,0
625,50258.55,22.54,1086.25,0.022,0
626,41816.66,48.92,4534.58,0.108,0
627,36892.72,54.45,6463.65,0.175,0
628,23886.57,34.44,4440.42,0.186,1
629,48757.77,23.08,1833.58,0.038,0
630,34601.68,33.85,2430.1,0.07,0
631,52986,50.42,4928.61,0.093,0
632,50740.95,21.72,784.58,0.015,0
633,53096.99,36.35,2663.05,0.05,0
634,38500,53.93,7571.68,0.197,0
635,41004.26,55.85,1016.14,0.025,0
636,63585.36,49.34,1594.97,0.025,0
637,31823.68,30.98,2290.43,0.072,0
638,26242.63,32.6,1801.23,0.069,0
639,63531.25,19.33,6917.51,0.109,0
640,64751.15,53.64,2289.85,0.035,0
641,31091.28,50.9,4071.08,0.131,0
642,66871.27,62.69,3614.27,0.054,0
643,25098.65,51.65,2611.85,0.104,0
644,33720.59,47.25,1365.95,0.041,0
645,28182.52,25.53,2285.96,0.081,0
646,27334.57,42.67,2963.79,0.108,0
647,68694.84,23.08,12731.89,0.185,1
648,46195.62,26.63,2888.63,0.063,0
649,34488.21,27.13,2156.31,0.063,0
650,57827.66,23.97,10816.76,0.187,1
651,20346.47,35.72,656.03,0.032,0
652,60480.98,53.43,3216.09,0.053,0
653,51915.68,44.11,2282.91,0.044,0
654,54625.51,31.7,8619.75,0.158,1
655,48305.43,55.21,4833.48,0.1,0
656,28577.96,21.42,1639.23,0.057,0
657,53400.83,58.08,10418.19,0.195,0
658,43414.49,44.45,7170.95,0.165,0
659,47526.23,57.22,8957.33,0.188,0
660,46082.07,55.16,2921.24,0.063,0
661,32195.59,62.2,4980.01,0.155,0
662,49067.09,60.54,7258.97,0.148,0
663,21293.48,42.4,1368.69,0.064,0
664,52100.92,23.18,4767.28,0.092,0
665,48334.39,53.37,2234.44,0.046,0
666,58507.62,48.98,694.14,0.012,0
667,27521.04,35.09,2699.85,0.098,0
668,63914.23,26.35,139.31,0.002,0
669,28598.83,52.53,524.2,0.018,0
670,23298.47,48.65,1741.18,0.075,0
671,35697.55,51.39,2907.96,0.081,0
672,40376.16,38.92,3901.94,0.097,0
673,56534.97,27.81,2161.08,0.038,0
674,36088.94,41.72,6222.42,0.172,0
675,34158.63,29.42,2911.41,0.085,0
676,29732.06,38.88,3485.02,0.117,0
677,41736.2,34.6,7602.61,0.182,1
678,42236.46,24.69,4749.07,0.112,0
679,28796.85,44.63,706.23,0.025,0
680,55097.39,33.93,9342.48,0.17,1
681,40916.56,48.32,5219.8,0.128,0
682,20908.34,28.82,3133.62,0.15,1
683,57999.77,62.77,859.59,0.015,0
684,57746.58,63.63,727.19,0.013,0
685,55116.23,41.47,10284.61,0.187,0
686,57765.52,43.89,5445.22,0.094,0
687,45200.99,43.91,7335.96,0.162,0
688,42435.19,51.49,2766.28,0.065,0
689,46365.57,41.85,5443.28,0.117,0
690,57187.7,59.47,9390.67,0.164,0
691,66539.93,57.71,12129.08,0.182,0
692,25244.73,53.38,1279,0.051,0
693,54780.35,61.39,8134.22,0.148,0
694,59253.12,36.92,7327.28,0.124,0
695,48540.34,21.24,1012.93,0.021,0
696,30415.11,22.98,4362.08,0.143,1
697,48768.7,25.93,500.6,0.01,0
698,52299.22,18.31,7880.69,0.151,1
699,42242.49,34.22,2070.38,0.049,0
700,28218.97,42.62,1305.08,0.046,0
701,40208.13,61.37,459.03,0.011,0
702,61419.67,30.65,9921.67,0.162,1
703,51282.51,26.55,8445.39,0.165,1
704,36017.9,43.52,1526.39,0.042,0
705,57575.01,33.8,9857.23,0.171,1
706,53330.77,42.38,2343.5,0.044,0
707,39834.52,63.31,699.96,0.018,0
708,62469.43,24.26,7286.55,0.117,0
709,40334.62,45.89,6808.87,0.169,0
710,47542.8,40.87,9448.21,0.199,0
711,55883.62,27.37,974.56,0.017,0
712,29163.02,43.96,1469.13,0.05,0
713,47786.14,29.71,7181.48,0.15,1
714,29736.31,35.3,657.05,0.022,0
715,50831.43,24.35,9572.59,0.188,1
716,62030.05,46.54,7572.57,0.122,0
717,54049.01,54.62,4569.65,0.085,0
718,34336.02,35.83,3441.64,0.1,0
719,31895.72,48.19,3423.35,0.107,0
720,51894.54,59,6579.53,0.127,0
721,37616.71,53.44,5732.24,0.152,0
722,22076.95,57,3948.14,0.179,0
723,56252.95,57.28,7327.07,0.13,0
724,26316.76,37.22,923.03,0.035,0
725,23120.88,40.3,1417.85,0.061,0
726,39033.03,59.68,5757.89,0.148,0
727,32420.82,32.36,1494.21,0.046,0
728,68827.24,25.3,1049.18,0.015,0
729,58092.2,41.81,5277.74,0.091,0
730,43538.86,46.33,8523.9,0.196,0
731,64040.48,59.14,5408.73,0.084,0
732,34395.23,25.55,2089.73,0.061,0
733,57405.51,45.64,6914.75,0.12,0
734,22581.13,40.55,34.29,0.002,0
735,27952.95,42.1,3965.25,0.142,0
736,54022.91,26.56,10641.45,0.197,1
737,63546.16,44.41,6170.24,0.097,0
738,60713.43,56.03,396.23,0.007,0
739,44519.33,32.39,1446.47,0.032,0
740,40997.8,55.58,7908.33,0.193,0
741,63661.38,25.6,6095.31,0.096,0
742,34429.15,39.71,2240.28,0.065,0
743,29181.86,48.24,2529.61,0.087,0
744,52510.44,40.28,1858.31,0.035,0
745,37536.35,25.86,2634.36,0.07,0
746,35683.74,44.5,4337.83,0.122,0
747,45622.29,41.63,528.18,0.012,0
748,67385.4,29.03,6747.23,0.1,0
749,69411.79,47.07,12176.78,0.175,0
750,48322.51,29.26,7732.7,0.16,1
751,40836.59,22.17,6994.49,0.171,1
752,38035.95,60.66,4298.71,0.113,0
753,42696.97,44.53,222.2,0.005,0
754,24181.69,22.3,1529.02,0.063,0
755,33194.4,51.18,6615.39,0.199,0
756,32541.46,34.41,780.83,0.024,0
757,38381.41,54.08,322.72,0.008,0
758,25921.91,58.43,5104.75,0.197,0
759,58810.97,22.11,9099.72,0.155,1
760,63025.74,56.57,2956.98,0.047,0
761,29954,61.84,5774.07,0.193,0
762,40641.52,37.66,5042.33,0.124,0
763,43940.91,38.31,2855.38,0.065,0
764,65166.97,25.66,8859.09,0.136,1
765,58820.38,30.75,530.66,0.009,0
766,50719.76,43.21,4770.94,0.094,0
767,46766.6,47.78,2383.41,0.051,0
768,67520.76,45.42,13041.78,0.193,0
769,28386.25,31.13,1718.94,0.061,0
770,68276.03,34.51,4842.08,0.071,0
771,30731.73,40.39,1129.56,0.037,0
772,30012.25,54.94,3972.15,0.132,0
773,38075.32,53.11,6928.94,0.182,0
774,55932.4,44.39,4876.37,0.087,0
775,27966.24,53.7,4445.2,0.159,0
776,53825.54,49.71,5272.8,0.098,0
777,65451.5,60.28,8129.05,0.124,0
778,39474,42.3,6034.15,0.153,0
779,42344.81,47.42,6800.25,0.161,0
780,36112.87,60.58,3737.21,0.103,0
781,32720.5,33.8,4367.26,0.133,1
782,27973.83,49.67,403.4,0.014,0
783,21306.03,35.09,3791.02,0.178,0
784,36029.3,52.64,2928.1,0.081,0
785,48457.96,22.34,8108.17,0.167,1
786,46038.51,39.04,6868.99,0.149,0
787,34247.16,34.7,6458.79,0.189,1
788,64247.61,31.6,4513.2,0.07,0
789,62109.77,41.24,2816.43,0.045,0
790,21481.8,19.96,1137.66,0.053,0
791,20762.47,25.33,2385.22,0.115,0
792,33756.53,40.57,1169.84,0.035,0
793,54325.81,29.64,6978.53,0.128,1
794,33197.81,59.49,3993.15,0.12,0
795,56846.47,30.28,5268.23,0.093,0
796,26542.93,45.83,4233.09,0.159,0
797,53200.55,59.69,3090.47,0.058,0
798,38073.41,32.21,2284.01,0.06,0
799,43937.22,56.41,3213.54,0.073,0
800,49284.82,51.94,493.59,0.01,0
801,22869.32,25.91,527.55,0.023,0
802,60113.34,40.77,8253.38,0.137,0
803,23613.26,32.47,2469.23,0.105,0
804,68755.09,53.23,10990.53,0.16,0
805,26449.33,46.48,2952.12,0.112,0
806,42855.42,47.13,4923.81,0.115,0
807,25686.78,35.85,3728.4,0.145,0
808,67125.65,36.06,7482.07,0.111,0
809,27427.79,59.7,719.95,0.026,0
810,37145.57,53.2,1510.74,0.041,0
811,41702.6,41.94,6105.73,0.146,0
812,20710.78,49.56,3960.71,0.191,0
813,39124.16,44.56,401.33,0.01,0
814,32834.65,60.58,4184.58,0.127,0
815,26267.22,58.79,1136.12,0.043,0
816,41254.23,28.95,6993.05,0.17,1
817,38268.7,30.68,2522.06,0.066,0
818,37087.27,57.58,6391.15,0.172,0
819,38458.13,55.86,3644.31,0.095,0
820,40185.78,31,1002.34,0.025,0
821,65481.95,45.04,10614.25,0.162,0
822,57426.68,20.12,2461.97,0.043,0
823,47903.31,46.17,4283.23,0.089,0
824,34222.19,52.25,3582.15,0.105,0
825,28481.27,47.42,5302.18,0.186,0
826,43069.65,41.24,4091.56,0.095,0
827,33093.96,33.4,3852.99,0.116,0
828,61363.86,62.14,9636.8,0.157,0
829,68100.74,47.75,8124.6,0.119,0
830,50551.48,56.77,5262.62,0.104,0
831,54421.05,22.96,6229.84,0.114,0
832,32152.46,57.49,3550.58,0.11,0
833,40230.98,58.79,745.19,0.019,0
834,53483.37,29.19,1459.67,0.027,0
835,65137.94,42.13,10352.18,0.159,0
836,29496.59,54.67,2216.98,0.075,0
837,45181.93,48.1,2243.15,0.05,0
838,24994.78,34.72,51.64,0.002,0
839,54820.97,20.56,10070.95,0.184,1
840,62955.61,29.55,207.54,0.003,0
841,52956.25,25.15,959.1,0.018,0
842,40366.2,32.07,7410.79,0.184,1
843,60005.01,40.19,10677.67,0.178,0
844,37598.39,54.66,3641.81,0.097,0
845,61323,60.17,8699.95,0.142,0
846,21243.93,57.87,3438.98,0.162,0
847,62111.43,25.98,499.21,0.008,0
848,56524.88,54.91,5296.94,0.094,0
849,51718.14,34.35,1036.62,0.02,0
850,43205.63,23.13,4835.27,0.112,0
851,26934.2,35.98,4113.3,0.153,0
852,68966.82,54.39,6690.64,0.097,0
853,31527.35,59.02,2062.72,0.065,0
854,46839.06,28.73,1498.2,0.032,0
855,32151.3,42.91,4601.94,0.143,0
856,40831.8,47.15,6429.59,0.157,0
857,30868.8,58.14,4618.39,0.15,0
858,62988.83,32.47,6924.9,0.11,0
859,65496.77,61.96,11805.56,0.18,0
860,63032.63,24.79,390.34,0.006,0
861,27287.07,18.7,4509.88,0.165,1
862,44299.37,24.37,5154.91,0.116,0
863,44091.35,30.49,1664.1,0.038,0
864,26617.03,28.62,2727.24,0.102,0
865,21856.23,47.72,1500.65,0.069,0
866,28072.6,54.14,1.38,0,0
867,35950.49,35.47,2664.93,0.074,0
868,28982.11,35.27,1440.5,0.05,0
869,51790.73,41.15,1281.04,0.025,0
870,65000.82,21.7,1114.91,0.017,0
871,29761.05,21.85,3748.26,0.126,1
872,23081.45,53.9,257.66,0.011,0
873,60016.74,22.74,1522.65,0.025,0
874,54619.16,53.6,901.28,0.017,0
875,66274.21,36.37,10257.92,0.155,0
876,49380.66,45.47,5425.28,0.11,0
877,46283.07,48.29,2166.12,0.047,0
878,25554.7,42.8,4229.91,0.166,0
879,36680.18,22.15,4849.33,0.132,1
880,30383.68,46.83,2153.61,0.071,0
881,67730.44,26.3,8881.58,0.131,1
882,36446.72,40.62,2927.68,0.08,0
883,33648.74,60.97,1498.16,0.045,0
884,53852.8,42.78,2089.91,0.039,0
885,61298.22,48.29,9399.5,0.153,0
886,69465.75,20.59,7983.71,0.115,0
887,39102.04,29.3,4200.7,0.107,0
888,29366.58,22.48,4049.25,0.138,1
889,67949.74,34.48,1790.35,0.026,0
890,29468.86,22.79,3703.95,0.126,1
891,56839.4,36.55,9004.8,0.158,0
892,38277.94,44.91,7405.8,0.193,0
893,49664.27,39.94,5571.46,0.112,0
894,49972.01,32.4,763.95,0.015,0
895,27356.8,63.49,2983.58,0.109,0
896,36840.6,36.67,6557.94,0.178,0
897,51438.81,46.01,6898.78,0.134,0
898,40614.72,20.93,2649.7,0.065,0
899,56738.64,63.37,3210.81,0.057,0
900,68004.69,41.53,2698.05,0.04,0
901,44458.64,52.08,1456.23,0.033,0
902,66801.2,19.14,288.65,0.004,0
903,48991.85,18.62,7453.26,0.152,1
904,69430.94,58.94,2648.22,0.038,0
905,27989.11,27.8,1770.82,0.063,0
906,67675.8,37.74,4396.08,0.065,0
907,47985.72,33.56,8801.61,0.183,1
908,43388.21,35.7,7007.15,0.161,0
909,63182.46,25.59,3493.22,0.055,0
910,20568.89,25.85,2257.06,0.11,0
911,25833.72,19.21,3716.25,0.144,1
912,23087.3,37.62,423.42,0.018,0
913,36124.72,25.05,6485.06,0.18,1
914,57330.62,44.45,1058.04,0.018,0
915,47240.25,55.01,4286.35,0.091,0
916,55730.63,55.16,9286.36,0.167,0
917,61660.4,48.9,1684.53,0.027,0
918,49746.89,29.36,7354.13,0.148,1
919,23973.69,55.29,95.46,0.004,0
920,28085.48,45.03,4431.28,0.158,0
921,33585.47,60.38,3933.88,0.117,0
922,44179.39,51.31,5888.38,0.133,0
923,56025.42,29.4,4341.63,0.077,0
924,49369.7,51.37,109.38,0.002,0
925,26889.36,62.63,675.71,0.025,0
926,30873.22,38.95,4076.88,0.132,0
927,30608.94,46.48,2632.55,0.086,0
928,54878.09,42.88,1504.47,0.027,0
929,32423.81,63.19,2961.95,0.091,0
930,46608.37,20.4,1521.87,0.033,0
931,65689.19,28.11,255.07,0.004,0
932,49054.86,54.07,1102.24,0.022,0
933,20310.58,54.26,1279.11,0.063,0
934,66423.4,18.87,1066.21,0.016,0
935,45783.15,63.89,7492.91,0.164,0
936,62887.76,42.84,6849.48,0.109,0
937,51088.21,52.09,9097.11,0.178,0
938,66217.94,19.08,745.08,0.011,0
939,62799.75,35.36,6752.59,0.108,0
940,45789.49,36.3,4545.16,0.099,0
941,59727.41,50.24,5203.33,0.087,0
942,35513.59,60.81,6983.36,0.197,0
943,29178.98,63.93,1664.39,0.057,0
944,67501.69,49.64,7589.76,0.112,0
945,66255.03,28.96,7475.21,0.113,0
946,63558.86,36.36,9282.93,0.146,0
947,63441.71,18.67,3119.41,0.049,0
948,64983.15,27.29,9109.77,0.14,1
949,56946.65,55.41,11175.84,0.196,0
950,52349.87,35.52,5181.85,0.099,0
951,31473.46,27.99,797.35,0.025,0
952,59267.34,34.91,5085.31,0.086,0
953,66809.17,31.05,1316.19,0.02,0
954,48083.31,39.16,9193.1,0.191,0
955,20629.35,28.31,3310.41,0.16,1
956,25363.33,31.39,3946,0.156,1
957,28873.67,62.33,2224.47,0.077,0
958,41430.86,33.69,5719.28,0.138,1
959,53612.13,23.28,5976.9,0.111,0
960,51555.74,57.26,9217.69,0.179,0
961,46564.38,50.65,599.83,0.013,0
962,61200.43,19.23,406.85,0.007,0
963,29307.32,61.16,481.84,0.016,0
964,67687.18,20.8,10506.33,0.155,1
965,52565.07,55.7,372.97,0.007,0
966,52920.15,20.99,9521.77,0.18,1
967,34981.37,23.49,5502.74,0.157,1
968,65210.84,27.53,12607.95,0.193,1
969,60016.08,54.32,2857.01,0.048,0
970,23066.96,33.09,1933.35,0.084,0
971,52603.88,43.9,2043.09,0.039,0
972,20111.36,53.5,1745.37,0.087,0
973,32759.7,43.88,5211.33,0.159,0
974,30578.02,55.37,3010.35,0.098,0
975,21211.59,32.65,931.78,0.044,0
976,53746.33,29.35,9534.66,0.177,1
977,45214.11,18.3,1779.73,0.039,0
978,58465.05,20.13,11417.06,0.195,1
979,54422.97,58.57,444.61,0.008,0
980,62842.06,62.2,107.6,0.002,0
981,53005.13,45.69,2539.34,0.048,0
982,40749.03,26.85,6207.19,0.152,1
983,49804.41,20.04,7235.19,0.145,1
984,37277.25,26.63,6289.26,0.169,1
985,46883.21,30.4,6342.57,0.135,1
986,31763.37,35.6,3489.4,0.11,0
987,61013.18,24.71,1791.54,0.029,0
988,41285.36,22.91,532.1,0.013,0
989,39133.89,21.6,433.46,0.011,0
990,62171.8,24.24,1035.46,0.017,0
991,53638.65,44.03,109.48,0.002,0
992,49264.58,58.12,3051.57,0.062,0
993,63114.5,48.35,11890.76,0.188,0
994,58165.51,45.73,4155.72,0.071,0
995,43029.8,27.21,6894.17,0.16,1
996,21593.62,51.55,458.09,0.021,0
997,49104.77,35.54,9452.22,0.192,0
998,65776.23,39.8,2805.86,0.043,0
999,36192.15,21.4,7236.17,0.2,1
1000,62165.86,19.6,4739.95,0.076,0
1001,50793.36,41.6,421.64,0.008,0
1002,62422.2,32.15,2841.63,0.046,0
1003,63166.99,56.51,4058.79,0.064,0
1004,23717.57,49.33,1530.09,0.065,0
1005,66797.66,21.38,11921.2,0.178,1
1006,30272.2,19.13,1440.07,0.048,0
1007,55741.2,52.63,3181.78,0.057,0
1008,30742.58,26.45,5685.65,0.185,1
1009,20491.56,35.13,1579.17,0.077,0
1010,35620.42,40.82,3611.3,0.101,0
1011,50206.13,33.03,5826.46,0.116,0
1012,67935.45,60.94,8267.33,0.122,0
1013,59223.4,22.94,3901.4,0.066,0
1014,32657.27,32.81,1796.27,0.055,0
1015,55931.65,23.44,4053.52,0.072,0
1016,23694.78,22.86,764.3,0.032,0
1017,44324.29,23.18,2672.69,0.06,0
1018,34735.49,62.36,1402.22,0.04,0
1019,67064.34,22.58,1091.62,0.016,0
1020,42761.49,45.05,610.66,0.014,0
1021,49517.72,31.55,7337.95,0.148,1
1022,54372.18,29.98,839.13,0.015,0
1023,29941.97,48.36,3170.05,0.106,0
1024,68414.12,51.05,6154.05,0.09,0
1025,23891.24,51.03,3475.91,0.145,0
1026,47187.57,24.23,7933.47,0.168,1
1027,39819.92,63.38,3577.45,0.09,0
1028,50632.28,53.62,1262.36,0.025,0
1029,39970.21,40.37,7867.62,0.197,0
1030,55176.14,49.46,7822.94,0.142,0
1031,50533.57,56.63,117.71,0.002,0
1032,52983.87,42.59,5567.94,0.105,0
1033,31187.67,31,593.12,0.019,0
1034,34909.98,25.57,2852.37,0.082,0
1035,53810.85,51.43,9154.48,0.17,0
1036,55478.97,53.76,6227.54,0.112,0
1037,60394.09,57.69,8293.58,0.137,0
1038,36845.74,51.94,1790.01,0.049,0
1039,60264.94,54.72,2241.39,0.037,0
1040,52981.51,18.31,3759.94,0.071,0
1041,50222.76,21.42,8734.74,0.174,1
1042,59256.56,38.58,9812.98,0.166,0
1043,43203.41,40.9,7730.73,0.179,0
1044,46288.76,23.59,6053.79,0.131,1
1045,58176.15,52.18,9852.14,0.169,0
1046,25631.43,47.64,4778.7,0.186,0
1047,58978,30.33,9442.01,0.16,1
1048,25048.02,54.66,2341.37,0.093,0
1049,33436.49,34.67,5473.99,0.164,1
1050,23787.37,36.31,3041.55,0.128,0
1051,69456.57,48.05,13190.37,0.19,0
1052,65447.61,39.63,3269.53,0.05,0
1053,68743.35,56.39,2290.2,0.033,0
1054,36052.58,49.5,2830.18,0.079,0
1055,24820.79,38.24,51.95,0.002,0
1056,26046.38,54.63,4669.46,0.179,0
1057,60850.8,59.99,7206.85,0.118,0
1058,69929.01,51.39,12427.84,0.178,0
1059,53298.5,56.91,2106.71,0.04,0
1060,48818.38,49.3,2312.42,0.047,0
1061,38042.08,32.84,3495.86,0.092,0
1062,42119.82,60.06,1930.57,0.046,0
1063,62247.88,39.23,1870.72,0.03,0
1064,62252.09,28.25,1699.68,0.027,0
1065,36973.09,38.28,4144.45,0.112,0
1066,54217.24,26.63,8836.78,0.163,1
1067,44218.77,58.58,1693.92,0.038,0
1068,33274.05,23.95,2244.88,0.067,0
1069,54656.55,18.39,9911.13,0.181,1
1070,67593.52,25.41,9864.08,0.146,1
1071,39472.71,42.61,596.48,0.015,0
1072,30572.45,48.65,1847.09,0.06,0
1073,50447.7,58.1,2443.77,0.048,0
1074,49198.65,49.19,483.62,0.01,0
1075,53768.23,25.38,3696.95,0.069,0
1076,52809.55,61.01,6276.83,0.119,0
1077,38011.73,19.06,4625.19,0.122,1
1078,58910.29,31.01,3671.92,0.062,0
1079,57914.73,50.61,6715.86,0.116,0
1080,39494.77,28.55,3544.16,0.09,0
1081,45918.88,38.64,1910.33,0.042,0
1082,55649.06,19.66,7660.35,0.138,1
1083,27136.63,18.83,2253.19,0.083,0
1084,62724.64,39.84,9255.14,0.148,0
1085,32921.85,43.73,2553.21,0.078,0
1086,28482.65,19.78,329.45,0.012,0
1087,44170.22,24.47,2168.75,0.049,0
1088,60664.37,22.36,5873.41,0.097,0
1089,64501.93,33.36,12147.31,0.188,1
1090,28237.52,50.02,2728.19,0.097,0
1091,67420.6,21.19,3668.99,0.054,0
1092,55642.99,38.91,2841.7,0.051,0
1093,56086.06,34.58,3990.85,0.071,0
1094,57676.74,20.67,10504.67,0.182,1
1095,62535.63,39.19,9490.26,0.152,0
1096,60686.77,48.4,10614.13,0.175,0
1097,25032.3,46.31,680.9,0.027,0
1098,22228.35,33.36,2187.21,0.098,0
1099,41435.15,34.93,3702.17,0.089,0
1100,43955.41,51.56,7833.48,0.178,0
1101,60063.69,59.11,6766.29,0.113,0
1102,34635.74,18.95,4859.24,0.14,1
1103,63944.32,32.52,12213.95,0.191,1
1104,35403.43,34.65,2929.36,0.083,0
1105,53654.08,44.14,6587.78,0.123,0
1106,23508.23,52.64,4622.84,0.197,0
1107,61869.47,36.23,1040.49,0.017,0
1108,20674.9,24,299.83,0.015,0
1109,22127.92,61.19,1777.83,0.08,0
1110,27408.73,37.69,2591.03,0.095,0
1111,60720.8,38.82,3278.18,0.054,0
1112,34760.02,34.26,28.88,0.001,0
1113,23057.36,46.97,2487.17,0.108,0
1114,42381,35.72,6832.68,0.161,0
1115,37887.55,24.42,5061.78,0.134,1
1116,39988.74,54.27,357.09,0.009,0
1117,25026.51,62.91,3845.74,0.154,0
1118,43588.08,40.5,6453.06,0.148,0
1119,20897.43,28.03,2940.42,0.141,1
1120,24904.62,53.32,3376.91,0.136,0
1121,66068.64,35.92,5626.87,0.085,0
1122,36126.23,40.71,3805.8,0.105,0
1123,23626.73,34.29,2173.77,0.092,0
1124,30200.24,62.78,4871.68,0.161,0
1125,65569.79,62.23,12494.27,0.191,0
1126,20617.26,46.52,2224.07,0.108,0
1127,25817.45,21.63,3682.86,0.143,1
1128,21448.83,31.8,1989.18,0.093,0
1129,69370.18,52.37,4605.92,0.066,0
1130,34145.8,31.4,4074.95,0.119,0
1131,52651.26,57.32,6529.02,0.124,0
1132,40069.34,43.31,3646.05,0.091,0
1133,39246.54,48.32,919.11,0.023,0
1134,56233.79,57.99,9642.09,0.171,0
1135,49264.27,19.01,801.78,0.016,0
1136,30451.64,42.2,475.42,0.016,0
1137,28727,34.75,3675.83,0.128,1
1138,20113.25,30.13,2507.65,0.125,1
1139,43434.78,52.21,3672.11,0.085,0
1140,59208.72,30.93,11479.44,0.194,1
1141,69310.96,42.11,1590.33,0.023,0
1142,60567.42,40.04,571.93,0.009,0
1143,22048.9,53.8,4199.02,0.19,0
1144,66733.71,52.98,5366.64,0.08,0
1145,22209.01,22.01,4096.78,0.184,1
1146,49032.66,54.56,1777.95,0.036,0
1147,26558.36,57.83,22.33,0.001,0
1148,49255.46,36.62,4951.92,0.101,0
1149,30218.15,48.02,5914.52,0.196,0
1150,56317.08,24.65,8045.44,0.143,1
1151,53825.43,45.36,431.45,0.008,0
1152,34927.99,54.15,1957.06,0.056,0
1153,53287.39,59.56,4432.67,0.083,0
1154,32032.56,50.12,4582.94,0.143,0
1155,48405.73,47.93,3766.61,0.078,0
1156,46132.91,26.91,3216.49,0.07,0
1157,29049.07,57.78,2562.7,0.088,0
1158,68550.69,19.36,3879.67,0.057,0
1159,47474.82,37.87,5083.73,0.107,0
1160,50021.66,23.82,1054.27,0.021,0
1161,64089.13,37.31,6272.79,0.098,0
1162,28451.71,41.6,1042.85,0.037,0
1163,58132.47,29.38,5491.04,0.094,0
1164,30961.17,32.11,162.8,0.005,0
1165,64162.65,53.86,6938.01,0.108,0
1166,67470.12,52.23,12715.29,0.188,0
1167,68263.77,42.64,4124.33,0.06,0
1168,42889.33,57.51,6340.71,0.148,0
1169,20155.79,41.92,3489.96,0.173,0
1170,58178.61,49.69,10948.5,0.188,0
1171,45735.46,52.82,2944.54,0.064,0
1172,30037.2,38.68,1247.01,0.042,0
1173,64392.51,37.8,4513.24,0.07,0
1174,26291.38,52.4,1094.18,0.042,0
1175,36008.38,20.63,3709.3,0.103,0
1176,54953.98,44.69,365.65,0.007,0
1177,28753.33,49.4,4990.37,0.174,0
1178,41993.98,36.19,6644.34,0.158,0
1179,56696.46,57.52,9686.63,0.171,0
1180,51906.05,36.57,10235.27,0.197,0
1181,30939.39,47.89,6115.82,0.198,0
1182,38520.72,56.67,4176.95,0.108,0
1183,33489.04,25.97,3581.66,0.107,0
1184,52836.01,38.25,5671.64,0.107,0
1185,51733.29,24.91,7906.14,0.153,1
1186,41273.77,32.09,3299.89,0.08,0
1187,68223.68,28.99,7364,0.108,0
1188,28222.88,40.33,613.24,0.022,0
1189,21921.36,62.33,1901.14,0.087,0
1190,38852.93,27.05,7513.18,0.193,1
1191,59621.37,54.15,7014.62,0.118,0
1192,41377.75,45.86,5324.05,0.129,0
1193,54405.62,57.14,6253.21,0.115,0
1194,60103.01,56.05,2632.27,0.044,0
1195,67528.65,52.89,7877.42,0.117,0
1196,61156.94,31.8,3250.01,0.053,0
1197,42955.69,45.42,2962.83,0.069,0
1198,46923.05,36.34,3107.88,0.066,0
1199,24951.26,62.04,2544.36,0.102,0
1200,26267.53,34.5,59.47,0.002,0
1201,64603.92,33.06,11264.69,0.174,1
1202,34667.02,18.85,2827.29,0.082,0
1203,66008.4,19.43,9189.61,0.139,1
1204,45840.21,32.27,5299.24,0.116,0
1205,32188.02,49.43,4659.95,0.145,0
1206,50289.66,24.07,6127.38,0.122,1
1207,36837.53,54.73,1598.18,0.043,0
1208,28852.03,44.21,5705.99,0.198,0
1209,68127.17,47.95,12099.97,0.178,0
1210,41349.12,53.86,8083.23,0.195,0
1211,69132.46,33.47,7621.41,0.11,0
1212,38477.33,27.35,289.58,0.008,0
1213,68291.15,46.79,9577.96,0.14,0
1214,58074.61,59.8,8551.26,0.147,0
1215,26867.11,32.62,1730.15,0.064,0
1216,32348.45,59.75,3229.82,0.1,0
1217,31044.39,49.94,4465.87,0.144,0
1218,29279.75,18.81,2291.99,0.078,0
1219,35145.1,47.79,510.74,0.015,0
1220,44405.28,34.38,3917.88,0.088,0
1221,42059.64,55.29,5310.27,0.126,0
1222,28612.2,58.86,4948.49,0.173,0
1223,46546.7,60.76,254.84,0.005,0
1224,22832.32,32.52,3318.41,0.145,1
1225,21565.92,44.13,4136.76,0.192,0
1226,26078.21,31.81,3665.88,0.141,1
1227,60503.55,20.12,6766.53,0.112,0
1228,31233.31,41.7,1662.45,0.053,0
1229,34505.8,49.32,2151.7,0.062,0
1230,35485.12,47.39,2482.04,0.07,0
1231,45986.35,20.29,7112.93,0.155,1
1232,43308.18,34.83,6777.2,0.156,1
1233,53284.12,32.14,849.55,0.016,0
1234,68398.29,36.99,8106.86,0.119,0
1235,64743.71,56.26,4304.93,0.066,0
1236,68412.61,28.16,551.84,0.008,0
1237,59695.11,27.9,8889.93,0.149,1
1238,32406.57,20.99,3394.66,0.105,0
1239,33184.2,60.37,4580.1,0.138,0
1240,47688.25,34.57,1377.02,0.029,0
1241,42591.6,45.12,4602.25,0.108,0
1242,34051.53,35.75,6224.15,0.183,0
1243,61800.03,29.67,9143.61,0.148,1
1244,45360.72,27.08,4569.99,0.101,0
1245,20252.12,27.44,3360.06,0.166,1
1246,30134.71,43.82,959,0.032,0
1247,56217.33,51.58,2866.59,0.051,0
1248,31722.73,34.85,2877.76,0.091,0
1249,60178.45,33.26,3203.62,0.053,0
1250,51144.24,37.84,3411.66,0.067,0
1251,22449.08,35.77,1187.43,0.053,0
1252,44932.88,27.15,622.91,0.014,0
1253,40929.48,20.25,2352.29,0.057,0
1254,31092.27,43.83,5617.99,0.181,0
1255,44743.55,53.06,2574.71,0.058,0
1256,60770.23,33.63,2242.83,0.037,0
1257,43528.48,59.89,2264.73,0.052,0
1258,25008.95,63.22,2941.03,0.118,0
1259,47433.42,60.46,9139.14,0.193,0
1260,50064.35,29.34,417.63,0.008,0
1261,60348.41,60.45,3037.97,0.05,0
1262,67471.13,26.92,4448.41,0.066,0
1263,30492.88,61.68,4834.74,0.159,0
1264,25640.08,22.66,3105.44,0.121,1
1265,55040.76,52.71,8352.06,0.152,0
1266,34476.71,23.35,898.13,0.026,0
1267,23345.87,38.29,4548.11,0.195,0
1268,24426.03,34.7,823.84,0.034,0
1269,65849.89,30.97,5051.3,0.077,0
1270,60454.53,41.05,7875.07,0.13,0
1271,22680.32,55.09,1743.77,0.077,0
1272,44471.87,19.61,5883.66,0.132,1
1273,46572.32,59.12,721.34,0.015,0
1274,24369.84,61.74,1366.54,0.056,0
1275,56830.27,37.16,10462.74,0.184,0
1276,46943,55.64,2187.07,0.047,0
1277,42521.79,54.75,6745.82,0.159,0
1278,63188.33,51.14,3960.86,0.063,0
1279,29410.18,23.5,812.32,0.028,0
1280,46668.63,57.83,1833.49,0.039,0
1281,62693.27,22.53,5321.71,0.085,0
1282,65307.13,23.72,1906.8,0.029,0
1283,59589.06,20.61,4191.72,0.07,0
1284,41019.55,23.25,3005.83,0.073,0
1285,48058.87,47.75,6527.99,0.136,0
1286,50208.53,35.03,729.6,0.015,0
1287,62526.89,61.05,5835.54,0.093,0
1288,48192.19,29.76,5026.47,0.104,0
1289,30884.06,31.28,4099.9,0.133,1
1290,36965.74,53.76,6333.39,0.171,0
1291,43536.04,27.87,6427.73,0.148,1
1292,69181.66,39.24,1173.74,0.017,0
1293,64233.04,26.71,12104.53,0.188,1
1294,52593.52,19.53,811.91,0.015,0
1295,32282.25,42.63,3345.94,0.104,0
1296,54077.84,57.12,7149.07,0.132,0
1297,51595.36,28.46,385.4,0.007,0
1298,23097.38,53.76,4517.58,0.196,0
1299,27407.06,26.16,2949.93,0.108,0
1300,64395.3,63.17,10054.63,0.156,0
1301,60432.22,41.92,6300.87,0.104,0
1302,42990.98,29.53,4665.58,0.109,0
1303,41581.89,22.85,7895.11,0.19,1
1304,53289.07,47.46,8047.14,0.151,0
1305,22372.51,31.49,1118.93,0.05,0
1306,57119.74,22.33,10211.72,0.179,1
1307,31112.06,49.62,424.35,0.014,0
1308,68936.32,43.37,11073.16,0.161,0
1309,20436.33,56.94,2356.18,0.115,0
1310,20583.61,21.99,53.19,0.003,0
1311,58988.31,19.98,4728.26,0.08,0
1312,45311.83,26.93,3103.81,0.068,0
1313,60856.83,37.07,10238.5,0.168,0
1314,45818.28,48.45,8137.16,0.178,0
1315,20904.56,41.02,2606.02,0.125,0
1316,49908.29,29.55,2903.04,0.058,0
1317,55988.3,31.09,7745.75,0.138,1
1318,62125.26,21.09,5700.46,0.092,0
1319,48822.72,60.94,599.35,0.012,0
1320,29976.83,57.67,3796.03,0.127,0
1321,41944.27,61.14,1203.7,0.029,0
1322,36970.36,33.7,1268.51,0.034,0
1323,39992.72,20.83,4999.2,0.125,1
1324,42450.54,61.61,6210.28,0.146,0
1325,42146.94,23.72,7367.26,0.175,1
1326,52841.52,18.45,5957.39,0.113,0
1327,66418.96,62.65,9340.54,0.141,0
1328,44047.67,27.31,2096.92,0.048,0
1329,24821.21,19.24,874.32,0.035,0
1330,35583.62,63.05,27.25,0.001,0
1331,25289.61,21.28,2130.79,0.084,0
1332,39770.13,45.19,280.88,0.007,0
1333,59511.14,29.27,2520.51,0.042,0
1334,51211.65,45.63,4093.36,0.08,0
1335,56530.5,45.54,5957.99,0.105,0
1336,42604.46,41.94,7942.17,0.186,0
1337,66642.01,56.17,4958.07,0.074,0
1338,35527.83,47.45,325.12,0.009,0
1339,66896.77,31.55,387.39,0.006,0
1340,51980.36,35.42,6243.05,0.12,0
1341,40081.42,43.12,770.78,0.019,0
1342,50167.67,42.05,5592.65,0.111,0
1343,39545.96,43.7,5787.66,0.146,0
1344,43372.4,55.19,474.53,0.011,0
1345,33084.17,59.03,5762.47,0.174,0
1346,53187.98,63.56,4879.85,0.092,0
1347,48290.88,30.04,4902.98,0.102,0
1348,66078.77,45.54,3664.62,0.055,0
1349,51547.17,53.11,6563.41,0.127,0
1350,39393.14,52.74,5415.05,0.137,0
1351,69592.01,63.24,13025.06,0.187,0
1352,54588.5,31.08,2847.82,0.052,0
1353,44964.01,48.41,693.21,0.015,0
1354,46081.65,50.07,1487.79,0.032,0
1355,45564.02,22.29,715.84,0.016,0
1356,62657.6,28.17,5771.09,0.092,0
1357,67921.63,35.85,1399.88,0.021,0
1358,59514.01,57.02,2504.72,0.042,0
1359,48422.54,41.85,3520.57,0.073,0
1360,22001.32,31.62,2155.81,0.098,0
1361,52529.7,18.81,9808.19,0.187,1
1362,24061.46,34.51,3980.58,0.165,1
1363,23450.87,34.41,1419.81,0.061,0
1364,32866.58,44.88,6037.01,0.184,0
1365,30958.91,43.6,1558.93,0.05,0
1366,27550.9,29.73,3944.22,0.143,1
1367,36024.94,51.81,4155.45,0.115,0
1368,46801.27,34.61,5315.97,0.114,0
1369,27082.72,60.28,4990.56,0.184,0
1370,65435.04,19.85,12728,0.195,1
1371,59295.74,51.35,493.71,0.008,0
1372,45435.27,21.04,2143.39,0.047,0
1373,61742.61,34.56,326.99,0.005,0
1374,31396.87,35,3719.23,0.118,0
1375,35916.7,53.54,6401.19,0.178,0
1376,43969.6,25.48,7455.92,0.17,1
1377,60624.82,39.86,6740.72,0.111,0
1378,69939.33,55.64,2225.22,0.032,0
1379,69755.32,44.54,13766.05,0.197,0
1380,69478.4,22.66,10229.41,0.147,1
1381,34192.16,28,5233.66,0.153,1
1382,57457.86,50.71,3608.81,0.063,0
1383,63910.33,56.64,8986.72,0.141,0
1384,26643.81,19.29,1413.78,0.053,0
1385,23985.08,24.43,2284.21,0.095,0
1386,63660.65,50.28,7832.57,0.123,0
1387,44102.33,21.01,842.57,0.019,0
1388,29409.81,41.61,3388.56,0.115,0
1389,49294.66,37.25,4574.85,0.093,0
1390,39553.65,53.69,7063.9,0.179,0
1391,68583.04,57.09,2922.29,0.043,0
1392,31060.61,53.28,3729.97,0.12,0
1393,29190.32,60.29,5239.59,0.179,0
1394,63437.7,54.63,11963.36,0.189,0
1395,35243.06,35.63,748.94,0.021,0
1396,36475.35,63.33,413.31,0.011,0
1397,63271.61,23.34,11298.17,0.179,1
1398,45540.33,59.32,1490.47,0.033,0
1399,68565.39,21.21,1231.54,0.018,0
1400,20063.1,24.28,2495.13,0.124,1
1401,44222.26,55.86,7443.49,0.168,0
1402,67839.24,47.78,5609.33,0.083,0
1403,54009.69,49.41,884.74,0.016,0
1404,52234.08,47.98,9255.84,0.177,0
1405,28423.13,61.67,5282.85,0.186,0
1406,52623.44,50.42,1156.32,0.022,0
1407,25636.33,55.78,1239.69,0.048,0
1408,60842.94,60.26,6608.97,0.109,0
1409,36727.75,58.18,7287.54,0.198,0
1410,63830.75,35.14,5271.63,0.083,0
1411,43108.41,22.29,647.88,0.015,0
1412,25285.26,19.82,1027.58,0.041,0
1413,57646.24,62.87,1452.49,0.025,0
1414,51027.57,61.51,3313.3,0.065,0
1415,37389.77,34.44,7365.94,0.197,1
1416,65017.59,26.92,1017.17,0.016,0
1417,20595.93,45.48,1330.07,0.065,0
1418,56445.47,55.66,6875.58,0.122,0
1419,60864.32,44.14,3704.03,0.061,0
1420,51231.01,62.59,813.03,0.016,0
1421,41103.14,63.08,3644.3,0.089,0
1422,56267.05,43.12,8238.12,0.146,0
1423,20774.85,35.59,1347.33,0.065,0
1424,46424.22,59.21,4087.18,0.088,0
1425,29909.55,62.73,4495.28,0.15,0
1426,62808.51,56.77,6465.75,0.103,0
1427,41243.81,52.08,4161.57,0.101,0
1428,46089.15,63.3,1618.22,0.035,0
1429,69191.23,57.39,6270.57,0.091,0
1430,60846.67,32.67,8974.49,0.147,1
1431,66558.93,48.52,3090.99,0.046,0
1432,27428.28,54.33,1287.63,0.047,0
1433,60912.8,60.69,3870.33,0.064,0
1434,28127.51,41.49,3279.56,0.117,0
1435,64029.54,36.16,1644.34,0.026,0
1436,61836.74,29.55,10971.97,0.177,1
1437,37005.07,58.89,1068.89,0.029,0
1438,56003.57,18.25,3639.9,0.065,0
1439,58038.93,54,538.23,0.009,0
1440,29237.26,24.6,23.92,0.001,0
1441,33265.79,21.58,5968.44,0.179,1
1442,66236.93,35.92,2756.97,0.042,0
1443,41978.71,52.53,1603.92,0.038,0
1444,63453.22,23.92,10668.36,0.168,1
1445,24985.59,50.13,2017.14,0.081,0
1446,53593.11,62.89,1428.19,0.027,0
1447,54179.72,52.91,10028.02,0.185,0
1448,20126.41,36.46,1432.36,0.071,0
1449,51180.84,56.79,2875.45,0.056,0
1450,36455.7,38.48,3437.08,0.094,0
1451,39188.95,22.4,3545.16,0.09,0
1452,47852.93,38.94,3295.32,0.069,0
1453,20014.49,43.2,2426.31,0.121,0
1454,28630.01,27.29,4407,0.154,1
1455,66688.91,48.09,9690.31,0.145,0
1456,53226.19,43.62,5686.64,0.107,0
1457,35609.48,47.89,2574.09,0.072,0
1458,64065.68,43.29,771.72,0.012,0
1459,54935.66,42.95,7921.83,0.144,0
1460,67800.58,28.94,5035.14,0.074,0
1461,46893.34,43.69,9131.86,0.195,0
1462,54648.97,56.49,10674.77,0.195,0
1463,31410.51,36.2,5797.29,0.185,0
1464,36989.59,33.76,556.56,0.015,0
1465,33198.13,30.14,4285.39,0.129,1
1466,47704.38,21.84,2717.08,0.057,0
1467,30569.57,37.48,4752.56,0.155,0
1468,61398.69,63.29,9008.15,0.147,0
1469,67750.83,33.52,6855.99,0.101,0
1470,47637.86,51.05,6708.67,0.141,0
1471,38357.52,25.55,2548.41,0.066,0
1472,43156.31,27.85,2413.01,0.056,0
1473,41101.54,35.65,5240.11,0.127,0
1474,59475.5,36.74,2628.26,0.044,0
1475,40708.92,32.82,5532.34,0.136,1
1476,30391.47,59.26,2072.63,0.068,0
1477,46024.14,24.17,4318.38,0.094,0
1478,66529.49,59.43,6337.67,0.095,0
1479,68115.98,37.29,7458.56,0.109,0
1480,38423.08,29.21,3676.57,0.096,0
1481,33227.28,23.15,6470.41,0.195,1
1482,61674.46,54.83,4054.55,0.066,0
1483,26931.07,41.28,3668.65,0.136,0
1484,60040.99,44.14,2659.69,0.044,0
1485,26181.24,42.66,2618.97,0.1,0
1486,61552.22,61.09,4042.54,0.066,0
1487,29705.07,41.83,1912.21,0.064,0
1488,53934.81,21.47,2085.82,0.039,0
1489,23007.39,48.97,2296.8,0.1,0
1490,48552.84,29.38,5650.89,0.116,0
1491,66370.89,63.11,5176.36,0.078,0
1492,49140.27,43.64,8832.65,0.18,0
1493,39684.98,33.63,2590.93,0.065,0
1494,32025.4,37.51,217.49,0.007,0
1495,55568.18,42.76,6114.87,0.11,0
1496,45898.51,24.66,5617.18,0.122,1
1497,39217.91,30.1,864.62,0.022,0
1498,34070.6,27.29,1401.69,0.041,0
1499,66768.36,49.13,4255.37,0.064,0
1500,31400.86,62.59,4464.4,0.142,0
1501,49335.76,43.63,2549.62,0.052,0
1502,51774.05,47.78,1508.76,0.029,0
1503,43064.65,43.94,787.05,0.018,0
1504,41226.13,49.12,2155.66,0.052,0
1505,43044.52,60.85,1661.71,0.039,0
1506,33546.29,54.7,5347.3,0.159,0
1507,69209.33,26.03,6284.83,0.091,0
1508,32291.54,39.17,277.39,0.009,0
1509,66274.07,21.83,11576.54,0.175,1
1510,34102.79,42.05,1269.25,0.037,0
1511,21144.56,21.36,703.36,0.033,0
1512,41049.97,49.84,5890.11,0.143,0
1513,36351.28,33.86,6619.83,0.182,1
1514,63144.46,32.1,812.57,0.013,0
1515,32086.91,28.41,6362.39,0.198,1
1516,28873.17,62.23,992.58,0.034,0
1517,65359.3,18.61,7707.24,0.118,0
1518,49064.29,43.37,5636.35,0.115,0
1519,23763.06,39.39,2950.31,0.124,0
1520,51845.94,43.42,8750.83,0.169,0
1521,67035.33,46.1,11276.62,0.168,0
1522,49240.76,53.25,8004.36,0.163,0
1523,36132.33,18.71,3009.4,0.083,0
1524,67006.81,36.2,3692.17,0.055,0
1525,39453.65,32.4,436.94,0.011,0
1526,52205.61,24.64,1135.15,0.022,0
1527,46319.42,45.15,1523.07,0.033,0
1528,29398.73,41.41,4673.77,0.159,0
1529,31135.61,19.01,2457.91,0.079,0
1530,65603.82,19.02,11775.35,0.179,1
1531,41362.51,44.36,607.97,0.015,0
1532,60302.56,52.18,6509.7,0.108,0
1533,54468.28,23.88,68.63,0.001,0
1534,47683.72,32.31,4752.29,0.1,0
1535,38160.12,31.33,3429.9,0.09,0
1536,22925.81,34.74,2547.28,0.111,0
1537,64087.86,38.04,722.52,0.011,0
1538,65824.52,40.62,2643.11,0.04,0
1539,53451.93,49.66,10529.72,0.197,0
1540,36455.48,35.26,2464.16,0.068,0
1541,39573.34,29.14,5785.88,0.146,1
1542,41052.37,49.91,4652.95,0.113,0
1543,37895.18,54.52,6071.34,0.16,0
1544,44827.23,56.3,2639.92,0.059,0
1545,28341.09,39.96,2248.24,0.079,0
1546,56887.2,36.42,10969.6,0.193,0
1547,25146.6,21.05,2890.65,0.115,0
1548,54739.16,28.02,7218.97,0.132,1
1549,30497.2,28.48,4573.59,0.15,1
1550,25358.9,41.17,2220.23,0.088,0
1551,29993.56,49.06,2749.59,0.092,0
1552,64675.78,30.52,4628.6,0.072,0
1553,56256.04,22.16,5452.24,0.097,0
1554,31702.33,28.42,3587.72,0.113,0
1555,34113.11,30.83,6360.15,0.186,1
1556,44666.01,54.7,7548.44,0.169,0
1557,39421.37,26.43,6111.96,0.155,1
1558,21683.19,46.03,339.59,0.016,0
1559,65697.59,36.29,5644.65,0.086,0
1560,68657.79,35.76,2427.95,0.035,0
1561,66981.41,27.48,6678.56,0.1,0
1562,45971.13,27.4,4776.49,0.104,0
1563,42965.99,45.2,8109.05,0.189,0
1564,50895.81,18.96,5556.84,0.109,0
1565,46175.03,36.92,1064.08,0.023,0
1566,44984.9,51.75,4584.61,0.102,0
1567,66941.86,22.54,12380.62,0.185,1
1568,31022.14,39.18,6144.94,0.198,0
1569,46583.2,32.7,6241.27,0.134,1
1570,56201.84,43.28,8346.32,0.149,0
1571,31587.06,56.33,2677.83,0.085,0
1572,40716.19,25.81,2389.7,0.059,0
1573,64966.07,28.38,11495.73,0.177,1
1574,68503.21,19.28,3580.46,0.052,0
1575,33867.5,30.16,5714.03,0.169,1
1576,54195.02,39.3,6649.8,0.123,0
1577,50565.34,62.66,693.2,0.014,0
1578,57216.1,31.82,3554.39,0.062,0
1579,29849.97,39.93,3678.9,0.123,0
1580,29072.15,38.48,1589.44,0.055,0
1581,29775.14,21.03,3327.24,0.112,0
1582,46672.71,54.55,1408.5,0.03,0
1583,66393.71,58.61,9540.42,0.144,0
1584,29338.26,25.69,5120.41,0.175,1
1585,67289.59,26.73,13376.8,0.199,1
1586,45980.33,31.95,5929.1,0.129,1
1587,34163.63,45.78,6617.4,0.194,0
1588,52216.82,23.64,6803.33,0.13,1
1589,62313.28,60.92,925.8,0.015,0
1590,49205.64,24.62,3393.86,0.069,0
1591,65688.73,24.56,3673.87,0.056,0
1592,43489.83,51.73,6501.04,0.149,0
1593,40966.67,46.76,2393.52,0.058,0
1594,37261.45,23.72,2075.52,0.056,0
1595,58775.4,45.7,5673.6,0.097,0
1596,39395.83,36.37,7557.87,0.192,0
1597,21144.16,58.39,987.79,0.047,0
1598,33126.13,50.96,4169.99,0.126,0
1599,30931.51,35.88,1074.79,0.035,0
1600,31936.94,59.04,4088,0.128,0
1601,38157.03,51.53,5628.01,0.147,0
1602,21032.82,30.08,4024.09,0.191,1
1603,50238.53,34.56,2567.62,0.051,0
1604,67346.66,34.9,6752.12,0.1,0
1605,33261.65,18.23,586.65,0.018,0
1606,53113.04,59.44,10080.52,0.19,0
1607,42749.99,56.42,4626.54,0.108,0
1608,42108.2,26.99,1020.98,0.024,0
1609,61344.53,20.18,7172.65,0.117,0
1610,54738.68,26.77,6210.73,0.113,0
1611,69695.15,26.42,8418.25,0.121,1
1612,62507.35,27.96,6590.78,0.105,0
1613,61922.77,24.81,1933.08,0.031,0
1614,58023.72,42.75,2785.78,0.048,0
1615,27010.88,36.61,2373.18,0.088,0
1616,21194.62,25.91,1102.85,0.052,0
1617,68338.1,34.33,12840.7,0.188,1
1618,67772.79,41.52,5037.93,0.074,0
1619,67131.8,58.06,2271.4,0.034,0
1620,33159.22,42.34,2135.53,0.064,0
1621,66087.09,51.15,11039.29,0.167,0
1622,60362.34,24.69,10306.71,0.171,1
1623,54609.47,18.41,5618.2,0.103,0
1624,63637.28,26.85,9955.23,0.156,1
1625,40918.57,37.19,3813.7,0.093,0
1626,51486.13,33.55,3955.11,0.077,0
1627,44896.26,48.61,3787.64,0.084,0
1628,24877.68,29.82,1546.42,0.062,0
1629,52263.36,34.3,10161.95,0.194,1
1630,42775.53,39.23,6145.99,0.144,0
1631,67064.01,18.18,8945.29,0.133,1
1632,50307.94,51.91,7207.94,0.143,0
1633,37432.68,22.67,4445.5,0.119,0
1634,30084.16,18.45,737.25,0.025,0
1635,61427.41,20.11,2163.31,0.035,0
1636,54718.85,29.52,2883.28,0.053,0
1637,47923.58,57.22,6931.72,0.145,0
1638,22880.73,18.43,1909.22,0.083,0
1639,46118.55,23.97,2728.31,0.059,0
1640,35082.39,41.15,2918.48,0.083,0
1641,38387.32,30.08,6453.51,0.168,1
1642,57413.57,43.91,9421.3,0.164,0
1643,28198.1,62.44,4370.79,0.155,0
1644,50117.86,32.83,3599.07,0.072,0
1645,34876.33,53.42,3102.35,0.089,0
1646,64126.49,19.3,4956.94,0.077,0
1647,41916.69,48.15,6106.11,0.146,0
1648,50052.29,27.48,5589.33,0.112,0
1649,39158.92,41.3,6887.74,0.176,0
1650,62219.04,19.52,5831.52,0.094,0
1651,67151.32,51.66,3941.7,0.059,0
1652,46166.16,26,901.75,0.02,0
1653,23881.79,32.89,1190.63,0.05,0
1654,48445.11,38.98,8733.44,0.18,0
1655,32441.65,58.71,840.71,0.026,0
1656,33820.19,61.05,4342.18,0.128,0
1657,61812.9,52.96,3124.31,0.051,0
1658,25347.57,61.65,2188.5,0.086,0
1659,33965.52,43.91,3123.9,0.092,0
1660,23641.7,56.81,4203.5,0.178,0
1661,50660.9,52.17,7511,0.148,0
1662,44037.24,58.44,5269.52,0.12,0
1663,51657.12,35.41,609.35,0.012,0
1664,46573.24,53.11,5533.29,0.119,0
1665,26922.46,44.16,3950,0.147,0
1666,48414.25,21.95,2105.71,0.043,0
1667,43974.84,47.43,8371.49,0.19,0
1668,65913.83,22.79,12972.42,0.197,1
1669,64716,60.94,11173.81,0.173,0
1670,25481.99,48.36,4005.82,0.157,0
1671,54170.53,37.44,1048.93,0.019,0
1672,51653.7,19.88,1853.42,0.036,0
1673,66054.51,39.08,10321.1,0.156,0
1674,60019.45,19.38,6978.35,0.116,0
1675,31523.95,62.27,5697.02,0.181,0
1676,65660.95,22.19,93.15,0.001,0
1677,61893.48,19.18,6038.16,0.098,0
1678,49230.1,47.85,8375.73,0.17,0
1679,38337.83,55.51,5691.09,0.148,0
1680,64016.43,44.28,10048.39,0.157,0
1681,46308.65,40.71,6815.49,0.147,0
1682,66209.14,45.19,7134.66,0.108,0
1683,47770.71,33.95,5366.87,0.112,0
1684,29856.49,18.06,4731.82,0.158,1
1685,21451.5,52.18,1719.04,0.08,0
1686,59673.17,57.29,7533.68,0.126,0
1687,47481.43,20.5,9402.88,0.198,1
1688,36219.77,56.84,4280.79,0.118,0
1689,59458.7,56.43,1513.33,0.025,0
1690,67010.84,51.52,11646.91,0.174,0
1691,58693.42,27.18,4033.15,0.069,0
1692,43041.04,47,2245.51,0.052,0
1693,31920.41,52.16,217.19,0.007,0
1694,32771.13,58.93,1853.68,0.057,0
1695,55487.15,32.1,178.69,0.003,0
1696,68406.81,46.06,2491.46,0.036,0
1697,37277.12,28.35,4242.64,0.114,0
1698,39762.53,25.67,3809.35,0.096,0
1699,41674.24,54.66,3203.2,0.077,0
1700,25789.74,45.32,4442.33,0.172,0
1701,24575.06,36.69,1667.75,0.068,0
1702,58082.36,60.16,9175.67,0.158,0
1703,67881.88,53.26,10503.57,0.155,0
1704,50115.05,26.78,3447,0.069,0
1705,40443.2,33.66,1857.25,0.046,0
1706,65824.84,19.67,154.95,0.002,0
1707,51199.87,22.4,4064.82,0.079,0
1708,67032.29,44.33,5487.82,0.082,0
1709,42205.68,23.43,2444.74,0.058,0
1710,37730.36,52.43,5273.56,0.14,0
1711,47398.31,50.17,9041.88,0.191,0
1712,48933.21,50.07,5071.37,0.104,0
1713,53078.86,49.18,10566.35,0.199,0
1714,53236.99,57.93,703.6,0.013,0
1715,58121.95,58.36,5161.11,0.089,0
1716,57261.15,40.23,2527.76,0.044,0
1717,52102.59,19.37,8799.82,0.169,1
1718,45165.93,37.9,5534.55,0.123,0
1719,58809.29,37.46,5470.59,0.093,0
1720,36598.34,41.96,6849.29,0.187,0
1721,62096.28,25.02,8034.75,0.129,1
1722,68114.07,47.2,4325.1,0.063,0
1723,67978.47,23.46,7382.5,0.109,0
1724,26615.52,53.35,3458.19,0.13,0
1725,51254.37,50.65,8747.21,0.171,0
1726,34428.97,27.37,6016.62,0.175,1
1727,60974.59,33.9,6165.66,0.101,0
1728,63330.73,30.23,5170.9,0.082,0
1729,58168.47,27.47,2935.37,0.05,0
1730,59579.61,51.13,2319.36,0.039,0
1731,52219.9,47.68,6560.47,0.126,0
1732,28700.87,28.8,5090.31,0.177,1
1733,27193.74,21.41,4518.86,0.166,1
1734,67417.57,29.91,6478.4,0.096,0
1735,57341.43,23.48,784.89,0.014,0
1736,64056.54,48.87,5982.81,0.093,0
1737,66370.69,38.41,5906.03,0.089,0
1738,45045.43,58.62,8489.41,0.188,0
1739,58609.13,22.1,4270.53,0.073,0
1740,53289.07,32.3,7395.51,0.139,1
1741,60309.33,34.38,2343.07,0.039,0
1742,45139.49,19.62,1743.69,0.039,0
1743,22815.64,61.73,2749.08,0.12,0
1744,45215.01,27.84,383.85,0.008,0
1745,40568.08,35.94,5990.32,0.148,0
1746,43721.25,55.13,5923.39,0.135,0
1747,38129.75,19.08,3964.73,0.104,0
1748,22547.96,57.63,2957.3,0.131,0
1749,57468.06,62.27,8452.96,0.147,0
1750,25534.67,37.87,1084.97,0.042,0
1751,26325.5,56.35,3336.13,0.127,0
1752,65913.83,36.48,11738.92,0.178,0
1753,67119.14,18.06,2725.24,0.041,0
1754,62020.47,56.65,114.21,0.002,0
1755,37965.85,27.83,299.05,0.008,0
1756,62114.86,30.75,12115.89,0.195,1
1757,36871.06,46.03,792.71,0.021,0
1758,65030.91,36.7,2231.98,0.034,0
1759,23193.6,41.94,548.6,0.024,0
1760,59568.62,40.56,7685.33,0.129,0
1761,50527.58,26.65,5639.25,0.112,0
1762,60776.11,34.21,10382.44,0.171,1
1763,61632.28,34.43,3028.59,0.049,0
1764,45930.45,49.99,7765.25,0.169,0
1765,25857.77,41.76,1810.23,0.07,0
1766,55093.92,55.18,6485.3,0.118,0
1767,42301.33,19.5,1480.61,0.035,0
1768,51903.53,59.76,8807.87,0.17,0
1769,64398.15,35.6,1674.91,0.026,0
1770,41089.51,57.63,997.18,0.024,0
1771,36727.55,24.6,794.56,0.022,0
1772,38163.39,63.25,454.31,0.012,0
1773,35949.9,56.74,3680.18,0.102,0
1774,44979.8,32.53,6045.09,0.134,1
1775,48211.58,30.56,2606.12,0.054,0
1776,28267.09,54.65,965.37,0.034,0
1777,33816.22,60.25,5265.74,0.156,0
1778,33079,36.33,6278.32,0.19,0
1779,36019.82,42.85,2987.96,0.083,0
1780,34238.53,63.43,6002.94,0.175,0
1781,62064.52,22.83,2972.38,0.048,0
1782,44867.62,55.81,366.1,0.008,0
1783,37162.89,28.88,3110.53,0.084,0
1784,65680.95,62.78,8838.23,0.135,0
1785,58772.86,46.51,7048.01,0.12,0
1786,32435.25,43.07,5685.41,0.175,0
1787,58028.21,50.1,5753.9,0.099,0
1788,60595.28,62.22,4534.49,0.075,0
1789,36565.8,19.9,1888.33,0.052,0
1790,20742.7,61.6,2295.82,0.111,0
1791,46666.64,18.75,7677.82,0.165,1
1792,32203.57,61.17,838.02,0.026,0
1793,36535.32,29.87,271.73,0.007,0
1794,28163.3,58,2121.15,0.075,0
1795,39019.36,31.79,3196.56,0.082,0
1796,24709.08,54.75,1915.39,0.078,0
1797,43052.97,31.53,488.94,0.011,0
1798,25003.92,53.41,2183.71,0.087,0
1799,46696.89,34.2,4732.5,0.101,0
1800,50112.46,41.3,5067.03,0.101,0
1801,43265.9,44.74,6194.07,0.143,0
1802,67802.69,49.04,13443.47,0.198,0
1803,55408.71,43.32,10300.28,0.186,0
1804,67048.89,55.05,10839.91,0.162,0
1805,40262.6,51.8,6535.85,0.162,0
1806,46427.5,61.85,5671.45,0.122,0
1807,46911.2,23.43,4263.85,0.091,0
1808,57359.55,34.8,10011.41,0.175,1
1809,34569.3,63.64,6254.53,0.181,0
1810,52797.4,21.13,1080.42,0.02,0
1811,56630.4,57.97,8442.89,0.149,0
1812,45245.74,35.82,1974.01,0.044,0
1813,20803.61,61.89,758.43,0.036,0
1814,57717.61,48.8,3153.22,0.055,0
1815,20647.89,20.32,725.46,0.035,0
1816,59046.46,36.83,8237.05,0.14,0
1817,62662.26,25.3,1965.92,0.031,0
1818,33614.49,46.47,4837.79,0.144,0
1819,48765.13,50.07,5183.86,0.106,0
1820,57240.76,41.57,313.63,0.005,0
1821,49973.67,43.92,363.9,0.007,0
1822,41255.94,45.58,5296.91,0.128,0
1823,61129.72,35.11,11302.77,0.185,0
1824,48938.58,59.71,3028.83,0.062,0
1825,68648.24,27.92,9425.71,0.137,1
1826,41250.83,39.08,7651.58,0.185,0
1827,22415.65,40.69,4371.72,0.195,0
1828,24112.5,35.97,3285.5,0.136,0
1829,41692.61,62.12,1708.71,0.041,0
1830,23516.73,27.36,559.91,0.024,0
1831,53812.23,44.92,3245.04,0.06,0
1832,29750.29,45.54,3627.99,0.122,0
1833,22633.68,37.6,553.52,0.024,0
1834,28713.83,54.7,1936.81,0.067,0
1835,63321.91,19.49,8092.98,0.128,1
1836,35276.59,28.57,6820.32,0.193,1
1837,35914.61,60.81,521,0.015,0
1838,31568.14,63.86,5067.41,0.161,0
1839,39934.07,31.61,184.74,0.005,0
1840,48614.85,61.3,5984.95,0.123,0
1841,29838.12,25.9,5913.65,0.198,1
1842,57745.36,36.73,5540.46,0.096,0
1843,44447.53,32.72,2714.4,0.061,0
1844,51768.01,30.54,6632.04,0.128,1
1845,34891.14,55.05,6152.31,0.176,0
1846,45382.81,42.52,2742.45,0.06,0
1847,40719.49,22.93,6415.09,0.158,1
1848,55145.79,57.88,8968.68,0.163,0
1849,48752.42,30.76,8934.79,0.183,1
1850,55763.43,30.59,7913.84,0.142,1
1851,36431.16,46.45,6783.36,0.186,0
1852,40522.83,63.89,7720.78,0.191,0
1853,42465.67,58.02,7314.98,0.172,0
1854,38561.94,45.88,4831.11,0.125,0
1855,54957.45,59.51,6976.46,0.127,0
1856,24822.07,29.02,2361.17,0.095,0
1857,25252.49,23.79,434.87,0.017,0
1858,25671.74,18.75,2272.15,0.089,0
1859,60672.15,43.06,6279.69,0.104,0
1860,60729.95,40.77,5006.85,0.082,0
1861,40240.73,26.96,7498.63,0.186,1
1862,57513.82,33.09,6921.49,0.12,1
1863,64287.4,45.88,6301.59,0.098,0
1864,48428.03,33.93,7718.48,0.159,1
1865,55313.83,25.21,9733.11,0.176,1
1866,27045.4,50.22,2503.79,0.093,0
1867,58216.07,27.4,9581.83,0.165,1
1868,34722.96,22.22,4073.41,0.117,0
1869,58503.77,42.37,7050.43,0.121,0
1870,55299.79,62.19,8052.38,0.146,0
1871,49501.91,50.79,2226.82,0.045,0
1872,61765.71,59.96,3649.64,0.059,0
1873,48430.99,18.51,6069.65,0.125,1
1874,66366.96,41.58,465.01,0.007,0
1875,55320.78,29.42,5990.72,0.108,0
1876,48774.29,62.84,3728.48,0.076,0
1877,61679.95,24.19,3060.03,0.05,0
1878,61485.18,60.19,3211.67,0.052,0
1879,24402.44,52.03,101.22,0.004,0
1880,21258.9,54.22,706.62,0.033,0
1881,48763.68,28.06,8172.05,0.168,1
1882,24406.89,37.91,1733.4,0.071,0
1883,61693.59,25.68,1568.86,0.025,0
1884,22748.03,26.94,108.63,0.005,0
1885,21479.95,24.31,1098.07,0.051,0
1886,51286.66,45.86,1134.23,0.022,0
1887,27153.66,48.82,3177.52,0.117,0
1888,36370.49,39.67,2855.22,0.079,0
1889,32400.54,61.68,3591.8,0.111,0
1890,60434.16,63.22,2474.25,0.041,0
1891,57303.48,52.16,10491.63,0.183,0
1892,42994.68,36.43,4453.82,0.104,0
1893,68339.81,23.37,2505.87,0.037,0
1894,49292.3,20.62,967.13,0.02,0
1895,57802.43,43.04,6796.59,0.118,0
1896,50779.38,39.44,6859.84,0.135,0
1897,35993.99,53.94,93.9,0.003,0
1898,21771.13,33.69,350.45,0.016,0
1899,61414.8,56.89,9743.61,0.159,0
1900,35784.66,46.55,110.2,0.003,0
1901,24791.19,39.64,4844.68,0.195,0
1902,49048.76,52.05,6363.11,0.13,0
1903,69852.06,62.2,9246.27,0.132,0
1904,21217.75,21.37,2690.77,0.127,1
1905,48031.07,43.67,7826.33,0.163,0
1906,64072.31,61.16,2426.01,0.038,0
1907,56689.46,41,5740.59,0.101,0
1908,45769.26,55.83,8236.48,0.18,0
1909,35020.49,24.99,6832.8,0.195,1
1910,56751.93,59.2,7877.33,0.139,0
1911,27363.63,44.39,3215.26,0.118,0
1912,48455.72,27.48,1780.51,0.037,0
1913,21424.09,36.92,1795.22,0.084,0
1914,69992.33,41.77,52.87,0.001,0
1915,68110.24,32.17,11029.67,0.162,1
1916,48015.55,28.24,54.01,0.001,0
1917,23102.22,35.76,1779.57,0.077,0
1918,46134.85,54.87,8716.61,0.189,0
1919,48547.96,56.64,1940.87,0.04,0
1920,26095.03,58.1,5143.49,0.197,0
1921,64057.84,59.86,5774.28,0.09,0
1922,24454.19,52.39,864.97,0.035,0
1923,40506.94,52.24,5961.53,0.147,0
1924,43421.05,27.22,4705.76,0.108,0
1925,55881.54,33.31,8383.07,0.15,1
1926,45917.6,45.16,8253.27,0.18,0
1927,52901.91,60.26,729.38,0.014,0
1928,41183.82,56.03,7606.99,0.185,0
1929,25379.92,24.93,4693.11,0.185,1
1930,27514.09,36.28,192.14,0.007,0
1931,44241.28,19.98,8733.18,0.197,1
1932,29076.34,41.22,286.26,0.01,0
1933,60536.91,32.33,3132.55,0.052,0
1934,47881.96,38.1,5575.64,0.116,0
1935,49144.37,51.89,1633.04,0.033,0
1936,33707.8,59.92,321.58,0.01,0
1937,46442.28,28.85,1484.56,0.032,0
1938,25602.96,28.45,2214.92,0.087,0
1939,61236.4,36,6562.9,0.107,0
1940,48187.35,55.53,2003.41,0.042,0
1941,29933.2,18.66,5953.52,0.199,1
1942,41027.91,44.77,4369.22,0.106,0
1943,49990.66,45.54,1896.75,0.038,0
1944,59792.51,24.19,660.24,0.011,0
1945,35879.52,41.07,5335.4,0.149,0
1946,29102.22,27.13,1890.45,0.065,0
1947,30047.82,51.08,5768.74,0.192,0
1948,59299.16,36.98,4944.06,0.083,0
1949,64484.01,33.1,1391.6,0.022,0
1950,36352.42,43.72,6239.25,0.172,0
1951,66034.75,60.73,3913.78,0.059,0
1952,51650.27,40.11,3743,0.072,0
1953,31898.16,41.32,2015.18,0.063,0
1954,58780.23,18.7,5029.71,0.086,0
1955,67754.1,42.98,2989.95,0.044,0
1956,48500.27,61.3,7054.61,0.145,0
1957,55704.8,48.52,5594.33,0.1,0
1958,50458.96,52.31,9852.89,0.195,0
1959,48263,28.55,7798.79,0.162,1
1960,38755.16,56.36,4244.5,0.11,0
1961,68131.66,57.41,7813.24,0.115,0
1962,28991.42,37.17,1249.35,0.043,0
1963,35108.56,40.74,4002.99,0.114,0
1964,28858.6,23.69,3764.82,0.13,1
1965,22800.8,28.2,3740.9,0.164,1
1966,29572.98,39.23,5006.25,0.169,0
1967,21982.02,34.92,4265.17,0.194,1
1968,45576.84,38.67,4952.65,0.109,0
1969,55068.67,51.76,4852.77,0.088,0
1970,56441.02,43.21,9043.76,0.16,0
1971,68047.93,47.69,4023.06,0.059,0
1972,36275.74,30.31,644.38,0.018,0
1973,52389.37,54.97,10398.82,0.198,0
1974,23678.38,47.47,1779.81,0.075,0
1975,37707.64,31.34,268.29,0.007,0
1976,57753.57,54.24,5067.45,0.088,0
1977,30529.96,47.6,6046.84,0.198,0
1978,44022.27,31.19,1707.67,0.039,0
1979,58533.88,40.52,7832.44,0.134,0
1980,33702.53,48.15,922.04,0.027,0
1981,40236.87,52.58,4354.31,0.108,0
1982,62619.16,44,3959.61,0.063,0
1983,50738.36,45.99,9719.56,0.192,0
1984,64466.76,33.33,8537.37,0.132,1
1985,64636.4,60.89,2583.11,0.04,0
1986,22371.52,39.14,2291.86,0.102,0
1987,67994.99,38.62,7289.01,0.107,0
1988,49640,20.54,5760.86,0.116,0
1989,42067.25,24.27,4601.61,0.109,0
1990,43662.09,25.25,7269.6,0.166,1
1991,34237.58,34.1,2658.09,0.078,0
1992,26300.45,45.54,2317.39,0.088,0
1993,30803.81,23.25,623.02,0.02,0
1994,54421.41,26.82,3273.63,0.06,0
1995,24254.7,37.75,2225.28,0.092,0
1996,59221.04,48.52,1926.73,0.033,0
1997,69516.13,23.16,3503.18,0.05,0
1998,44311.45,28.02,5522.79,0.125,1
1999,43756.06,63.97,1622.72,0.037,0
2000,69436.58,56.15,7378.83,0.106,0
